date,region,product,sales,quantity,customer_age,rating,is_promotion,revenue,profit,month,quarter,weekday,age_group,sales_category
2024-01-01,Запад,Телефон,1035.54,5,37.0,2.5,False,5177.7,1553.31,1,1,Monday,36-50,Medium
2024-01-02,Восток,Планшет,732.93,2,24.0,3.1,False,1465.86,439.758,1,1,Tuesday,18-25,Low
2024-01-03,Север,Ноутбук,1076.04,1,33.0,4.4,False,1076.04,322.81199999999995,1,1,Wednesday,26-35,Medium
2024-01-04,Запад,Ноутбук,1122.12,1,54.0,3.3,True,1122.12,336.63599999999997,1,1,Thursday,50+,Medium
2024-01-05,Запад,Ноутбук,1111.96,7,46.0,1.2,True,7783.72,2335.116,1,1,Friday,36-50,Medium
2024-01-06,Восток,Ноутбук,1216.16,5,29.0,3.6,False,6080.8,1824.24,1,1,Saturday,26-35,High
2024-01-07,Север,Монитор,1166.78,5,34.0,1.0,False,5833.9,1750.1699999999998,1,1,Sunday,26-35,Medium
2024-01-08,Север,Ноутбук,1091.84,8,65.0,4.1,False,8734.72,2620.4159999999997,1,1,Monday,50+,Medium
2024-01-09,Запад,Монитор,985.97,3,37.0,3.7,True,2957.91,887.3729999999999,1,1,Tuesday,36-50,Medium
2024-01-10,Юг,Монитор,667.81,5,43.0,2.2,True,3339.0499999999997,1001.7149999999999,1,1,Wednesday,36-50,Low
2024-01-11,Запад,Ноутбук,1016.46,3,65.0,2.2,False,3049.38,914.814,1,1,Thursday,50+,Medium
2024-01-12,Запад,Ноутбук,1016.46,5,36.0,4.2,False,5082.3,1524.69,1,1,Friday,36-50,Medium
2024-01-13,Запад,Телефон,1016.46,1,64.0,4.1,True,1016.46,304.938,1,1,Saturday,50+,Medium
2024-01-14,Запад,Планшет,1016.46,7,29.0,2.4,False,7115.22,2134.566,1,1,Sunday,26-35,Medium
2024-01-15,Восток,Ноутбук,1016.46,2,38.0,2.2,False,2032.92,609.876,1,1,Monday,36-50,Medium
2024-01-16,Север,Телефон,1016.46,4,59.0,3.2,False,4065.84,1219.752,1,1,Tuesday,50+,Medium
2024-01-17,Восток,Телефон,1016.46,6,51.0,1.0,False,6098.76,1829.628,1,1,Wednesday,50+,Medium
2024-01-18,Восток,Планшет,1016.46,7,24.0,1.3,False,7115.22,2134.566,1,1,Thursday,18-25,Medium
2024-01-19,Восток,Монитор,1016.46,9,62.0,1.5,False,9148.14,2744.4419999999996,1,1,Friday,50+,Medium
2024-01-20,Запад,Ноутбук,1016.46,4,52.0,1.7,False,4065.84,1219.752,1,1,Saturday,50+,Medium
2024-01-21,Юг,Планшет,1016.46,1,32.0,3.0,True,1016.46,304.938,1,1,Sunday,26-35,Medium
2024-01-22,Север,Ноутбук,896.79,4,18.0,5.0,False,3587.16,1076.148,1,1,Monday,18-25,Medium
2024-01-23,Юг,Телефон,1019.22,6,43.0,3.6,True,6115.32,1834.5959999999998,1,1,Tuesday,36-50,Medium
2024-01-24,Восток,Телефон,907.54,3,52.0,1.2,True,2722.62,816.786,1,1,Wednesday,50+,Medium
2024-01-25,Восток,Монитор,913.1,4,42.0,3.1,False,3652.4,1095.72,1,1,Thursday,36-50,Medium
2024-01-26,Юг,Телефон,938.17,2,59.0,3.0,False,1876.34,562.9019999999999,1,1,Friday,50+,Medium
2024-01-27,Юг,Телефон,1044.43,6,32.0,1.6,False,6266.58,1879.974,1,1,Saturday,26-35,Medium
2024-01-28,Юг,Планшет,904.25,8,39.0,4.7,False,7234.0,2170.2,1,1,Sunday,36-50,Medium
2024-01-29,Восток,Ноутбук,1251.15,7,23.0,2.8,False,8758.050000000001,2627.4150000000004,1,1,Monday,18-25,High
2024-01-30,Восток,Ноутбук,821.08,2,69.0,5.0,False,1642.16,492.648,1,1,Tuesday,50+,Medium
2024-01-31,Север,Планшет,962.63,6,32.0,2.7,False,5775.78,1732.734,1,1,Wednesday,26-35,Medium
2024-02-01,Север,Монитор,912.05,9,41.0,3.4,False,8208.449999999999,2462.5349999999994,2,1,Thursday,36-50,Medium
2024-02-02,Восток,Ноутбук,1289.4,3,38.0,1.4,True,3868.2000000000003,1160.46,2,1,Friday,36-50,High
2024-02-03,Юг,Телефон,1039.31,8,24.0,2.8,False,8314.48,2494.3439999999996,2,1,Saturday,18-25,Medium
2024-02-04,Юг,Ноутбук,1206.37,7,46.0,2.0,False,8444.59,2533.377,2,1,Sunday,36-50,High
2024-02-05,Север,Телефон,702.89,6,49.0,4.3,False,4217.34,1265.202,2,1,Monday,36-50,Low
2024-02-06,Восток,Монитор,1053.41,10,49.0,4.1,False,10534.1,3160.23,2,1,Tuesday,36-50,Medium
2024-02-07,Север,Планшет,1177.93,5,22.0,4.3,False,5889.650000000001,1766.8950000000002,2,1,Wednesday,18-25,Medium
2024-02-08,Север,Ноутбук,1016.46,5,21.0,3.9,False,5082.3,1524.69,2,1,Thursday,18-25,Medium
2024-02-09,Запад,Планшет,1213.1,5,39.0,4.3,False,6065.5,1819.6499999999999,2,1,Friday,36-50,High
2024-02-10,Запад,Ноутбук,896.54,5,35.0,1.8,False,4482.7,1344.81,2,1,Saturday,26-35,Medium
2024-02-11,Запад,Телефон,1281.87,4,52.0,2.8,True,5127.48,1538.244,2,1,Sunday,50+,High
2024-02-12,Юг,Планшет,1459.78,10,34.0,3.8,True,14597.8,4379.339999999999,2,1,Monday,26-35,High
2024-02-13,Восток,Ноутбук,927.43,3,67.0,3.5,False,2782.29,834.687,2,1,Tuesday,50+,Medium
2024-02-14,Восток,Телефон,910.9,2,67.0,3.9,True,1821.8,546.54,2,1,Wednesday,50+,Medium
2024-02-15,Восток,Планшет,1290.68,6,41.0,1.9,False,7744.08,2323.2239999999997,2,1,Thursday,36-50,High
2024-02-16,Восток,Планшет,1315.91,4,19.0,1.4,False,5263.64,1579.092,2,1,Friday,18-25,High
2024-02-17,Запад,Ноутбук,895.43,4,30.0,4.7,True,3581.72,1074.5159999999998,2,1,Saturday,26-35,Medium
2024-02-18,Юг,Ноутбук,915.96,8,32.0,3.2,True,7327.68,2198.304,2,1,Sunday,26-35,Medium
2024-02-19,Юг,Ноутбук,943.64,5,22.0,1.6,False,4718.2,1415.4599999999998,2,1,Monday,18-25,Medium
2024-02-20,Запад,Телефон,731.11,4,20.0,2.9681086519114688,False,2924.44,877.332,2,1,Tuesday,18-25,Low
2024-02-21,Юг,Ноутбук,816.27,7,54.0,2.9681086519114688,False,5713.889999999999,1714.1669999999997,2,1,Wednesday,50+,Medium
2024-02-22,Запад,Планшет,799.17,4,54.0,2.9681086519114688,False,3196.68,959.0039999999999,2,1,Thursday,50+,Low
2024-02-23,Восток,Планшет,846.44,2,54.0,2.9681086519114688,False,1692.88,507.86400000000003,2,1,Friday,50+,Medium
2024-02-24,Запад,Ноутбук,993.06,2,20.0,2.9681086519114688,False,1986.12,595.8359999999999,2,1,Saturday,18-25,Medium
2024-02-25,Восток,Ноутбук,1046.84,3,52.0,2.9681086519114688,False,3140.5199999999995,942.1559999999998,2,1,Sunday,50+,Medium
2024-02-26,Восток,Монитор,1310.1,3,69.0,4.7,False,3930.2999999999997,1179.09,2,1,Monday,50+,High
2024-02-27,Север,Планшет,800.33,8,40.0,3.2,True,6402.64,1920.792,2,1,Tuesday,36-50,Medium
2024-02-28,Запад,Телефон,1196.86,6,45.0,2.4,False,7181.16,2154.348,2,1,Wednesday,36-50,Medium
2024-02-29,Север,Монитор,957.2,0,47.0,1.0,False,0.0,0.0,2,1,Thursday,36-50,Medium
2024-03-01,Запад,Ноутбук,990.11,8,35.0,1.2,True,7920.88,2376.264,3,1,Friday,26-35,Medium
2024-03-02,Запад,Ноутбук,1134.96,5,69.0,2.7,True,5674.8,1702.44,3,1,Saturday,50+,Medium
2024-03-03,Север,Планшет,775.46,4,53.0,2.6,False,3101.84,930.552,3,1,Sunday,50+,Low
2024-03-04,Север,Ноутбук,1076.48,5,50.0,1.7,True,5382.4,1614.7199999999998,3,1,Monday,36-50,Medium
2024-03-05,Запад,Телефон,1033.29,7,43.0,2.6,True,7233.03,2169.9089999999997,3,1,Tuesday,36-50,Medium
2024-03-06,Юг,Планшет,1098.49,6,65.0,1.7,False,6590.9400000000005,1977.2820000000002,3,1,Wednesday,50+,Medium
2024-03-07,Восток,Ноутбук,1057.83,3,57.0,4.4,False,3173.49,952.0469999999999,3,1,Thursday,50+,Medium
2024-03-08,Север,Планшет,1491.06,4,34.0,2.2,False,5964.24,1789.272,3,1,Friday,26-35,High
2024-03-09,Восток,Ноутбук,872.45,2,57.0,3.4,False,1744.9,523.47,3,1,Saturday,50+,Medium
2024-03-10,Юг,Ноутбук,893.8,4,24.0,3.0,False,3575.2,1072.56,3,1,Sunday,18-25,Medium
2024-03-11,Юг,Ноутбук,875.37,1,25.0,1.2,False,875.37,262.611,3,1,Monday,18-25,Medium
2024-03-12,Юг,Телефон,888.9,9,48.0,4.8,True,8000.099999999999,2400.0299999999997,3,1,Tuesday,36-50,Medium
2024-03-13,Север,Телефон,872.52,3,29.0,3.1,False,2617.56,785.2679999999999,3,1,Wednesday,26-35,Medium
2024-03-14,Юг,Планшет,1237.8,1,65.0,2.3,False,1237.8,371.34,3,1,Thursday,50+,High
2024-03-15,Север,Ноутбук,1284.1,5,48.0,1.6,False,6420.5,1926.1499999999999,3,1,Friday,36-50,High
2024-03-16,Юг,Ноутбук,885.85,4,61.0,2.4,False,3543.4,1063.02,3,1,Saturday,50+,Medium
2024-03-17,Восток,Телефон,833.53,6,36.0,1.1,False,5001.18,1500.354,3,1,Sunday,36-50,Medium
2024-03-18,Восток,Ноутбук,1094.28,5,27.0,2.5,False,5471.4,1641.4199999999998,3,1,Monday,26-35,Medium
2024-03-19,Запад,Телефон,889.56,8,56.0,3.1,False,7116.48,2134.944,3,1,Tuesday,50+,Medium
2024-03-20,Восток,Ноутбук,1126.59,5,29.0,4.5,False,5632.95,1689.885,3,1,Wednesday,26-35,Medium
2024-03-21,Запад,Планшет,1040.58,7,37.0,3.7,False,7284.0599999999995,2185.218,3,1,Thursday,36-50,Medium
2024-03-22,Восток,Ноутбук,696.85,4,54.0,1.4,False,2787.4,836.22,3,1,Friday,50+,Low
2024-03-23,Север,Ноутбук,1309.5,1,65.0,1.6,False,1309.5,392.84999999999997,3,1,Saturday,50+,High
2024-03-24,Восток,Монитор,1359.18,5,58.0,2.7,False,6795.900000000001,2038.77,3,1,Sunday,50+,High
2024-03-25,Запад,Телефон,877.44,4,24.0,1.8,True,3509.76,1052.928,3,1,Monday,18-25,Medium
2024-03-26,Запад,Ноутбук,922.46,3,69.0,1.1,True,2767.38,830.214,3,1,Tuesday,50+,Medium
2024-03-27,Юг,Ноутбук,1057.17,2,31.0,4.2,False,2114.34,634.302,3,1,Wednesday,26-35,Medium
2024-03-28,Север,Монитор,1066.89,12,28.0,1.1,False,12802.68,3840.804,3,1,Thursday,26-35,Medium
2024-03-29,Восток,Монитор,1131.71,5,24.0,4.3,True,5658.55,1697.565,3,1,Friday,18-25,Medium
2024-03-30,Юг,Телефон,1402.04,10,46.0,1.6,True,14020.4,4206.12,3,1,Saturday,36-50,High
2024-03-31,Восток,Монитор,964.61,6,27.0,4.9,False,5787.66,1736.298,3,1,Sunday,26-35,Medium
2024-04-01,Восток,Планшет,840.34,1,46.0,3.4,False,840.34,252.102,4,2,Monday,36-50,Medium
2024-04-02,Юг,Монитор,724.14,6,26.0,3.9,False,4344.84,1303.452,4,2,Tuesday,26-35,Low
2024-04-03,Юг,Планшет,853.81,2,53.0,1.4,False,1707.62,512.286,4,2,Wednesday,50+,Medium
2024-04-04,Юг,Телефон,993.37,4,65.0,4.4,False,3973.48,1192.0439999999999,4,2,Thursday,50+,Medium
2024-04-05,Юг,Телефон,1358.91,5,27.0,4.4,True,6794.55,2038.365,4,2,Friday,26-35,High
2024-04-06,Юг,Телефон,896.48,8,36.0,3.6,False,7171.84,2151.552,4,2,Saturday,36-50,Medium
2024-04-07,Восток,Телефон,1044.76,4,48.0,3.0,False,4179.04,1253.712,4,2,Sunday,36-50,Medium
2024-04-08,Юг,Телефон,996.72,2,34.0,3.9,True,1993.44,598.032,4,2,Monday,26-35,Medium
2024-04-09,Север,Планшет,1237.68,1,26.0,1.0,False,1237.68,371.30400000000003,4,2,Tuesday,26-35,High
2024-04-10,Запад,Планшет,1505.39,8,43.0,3.4,False,12043.12,3612.936,4,2,Wednesday,36-50,High
2024-04-11,Юг,Телефон,893.83,8,43.0,4.4,False,7150.64,2145.192,4,2,Thursday,36-50,Medium
2024-04-12,Юг,Монитор,902.11,4,43.0,2.4,False,3608.44,1082.532,4,2,Friday,36-50,Medium
2024-04-13,Восток,Ноутбук,1208.83,1,43.0,1.4,False,1208.83,362.64899999999994,4,2,Saturday,36-50,High
2024-04-14,Юг,Телефон,1136.38,9,43.0,2.7,False,10227.420000000002,3068.2260000000006,4,2,Sunday,36-50,Medium
2024-04-15,Юг,Монитор,1369.34,4,43.0,3.9,False,5477.36,1643.2079999999999,4,2,Monday,36-50,High
2024-04-16,Юг,Ноутбук,1116.79,2,24.0,1.4,False,2233.58,670.074,4,2,Tuesday,18-25,Medium
2024-04-17,Восток,Телефон,928.14,4,33.0,1.8,False,3712.56,1113.768,4,2,Wednesday,26-35,Medium
2024-04-18,Юг,Телефон,1118.13,3,36.0,1.6,False,3354.3900000000003,1006.317,4,2,Thursday,36-50,Medium
2024-04-19,Запад,Планшет,1221.74,8,56.0,4.2,False,9773.92,2932.176,4,2,Friday,50+,High
2024-04-20,Восток,Ноутбук,1164.1,9,23.0,1.3,False,10476.9,3143.0699999999997,4,2,Saturday,18-25,Medium
2024-04-21,Запад,Ноутбук,1101.45,4,67.0,3.7,True,4405.8,1321.74,4,2,Sunday,50+,Medium
2024-04-22,Восток,Монитор,1213.33,4,68.0,2.5,False,4853.32,1455.9959999999999,4,2,Monday,50+,High
2024-04-23,Юг,Планшет,1233.86,5,28.0,4.0,False,6169.299999999999,1850.7899999999997,4,2,Tuesday,26-35,High
2024-04-24,Запад,Планшет,1276.43,11,29.0,4.9,True,14040.730000000001,4212.219,4,2,Wednesday,26-35,High
2024-04-25,Восток,Планшет,1129.74,8,59.0,1.5,True,9037.92,2711.3759999999997,4,2,Thursday,50+,Medium
2024-04-26,Север,Планшет,966.58,6,30.0,2.3,False,5799.4800000000005,1739.844,4,2,Friday,26-35,Medium
2024-04-27,Юг,Ноутбук,1029.34,2,29.0,4.2,True,2058.68,617.6039999999999,4,2,Saturday,26-35,Medium
2024-04-28,Восток,Ноутбук,1241.3,8,38.0,2.1,True,9930.4,2979.12,4,2,Sunday,36-50,High
2024-04-29,Север,Телефон,836.61,7,27.0,1.9,False,5856.27,1756.881,4,2,Monday,26-35,Medium
2024-04-30,Восток,Телефон,1073.73,6,37.0,4.3,True,6442.38,1932.714,4,2,Tuesday,36-50,Medium
2024-05-01,Север,Планшет,921.33,5,67.0,4.9,False,4606.650000000001,1381.9950000000001,5,2,Wednesday,50+,Medium
2024-05-02,Юг,Планшет,1005.75,3,53.0,3.2,False,3017.25,905.175,5,2,Thursday,50+,Medium
2024-05-03,Запад,Планшет,1255.69,5,45.0,2.1,False,6278.450000000001,1883.535,5,2,Friday,36-50,High
2024-05-04,Север,Телефон,1038.22,3,41.0,2.6,False,3114.66,934.3979999999999,5,2,Saturday,36-50,Medium
2024-05-05,Восток,Монитор,1009.29,3,22.0,1.7,False,3027.87,908.361,5,2,Sunday,18-25,Medium
2024-05-06,Юг,Монитор,728.03,7,54.0,4.0,False,5096.21,1528.863,5,2,Monday,50+,Low
2024-05-07,Север,Телефон,1149.25,4,29.0,4.1,False,4597.0,1379.1,5,2,Tuesday,26-35,Medium
2024-05-08,Восток,Телефон,1129.1,4,52.0,4.5,False,4516.4,1354.9199999999998,5,2,Wednesday,50+,Medium
2024-05-09,Восток,Телефон,1432.65,6,57.0,1.1,False,8595.900000000001,2578.7700000000004,5,2,Thursday,50+,High
2024-05-10,Восток,Телефон,938.44,6,19.0,3.2,False,5630.64,1689.192,5,2,Friday,18-25,Medium
2024-05-11,Север,Телефон,1043.83,3,67.0,1.9,False,3131.49,939.4469999999999,5,2,Saturday,50+,Medium
2024-05-12,Север,Телефон,1049.88,4,58.0,2.4,False,4199.52,1259.856,5,2,Sunday,50+,Medium
2024-05-13,Север,Планшет,1315.49,6,62.0,4.1,False,7892.9400000000005,2367.882,5,2,Monday,50+,High
2024-05-14,Запад,Планшет,980.94,6,56.0,1.8,False,5885.64,1765.692,5,2,Tuesday,50+,Medium
2024-05-15,Север,Планшет,1055.8,6,59.0,3.6,False,6334.799999999999,1900.4399999999996,5,2,Wednesday,50+,Medium
2024-05-16,Север,Планшет,1121.58,6,26.0,3.6,False,6729.48,2018.8439999999998,5,2,Thursday,26-35,Medium
2024-05-17,Север,Телефон,1037.32,3,39.0,4.8,True,3111.96,933.588,5,2,Friday,36-50,Medium
2024-05-18,Запад,Монитор,910.71,5,64.0,4.1,False,4553.55,1366.065,5,2,Saturday,50+,Medium
2024-05-19,Север,Ноутбук,1038.82,2,22.0,4.2,False,2077.64,623.2919999999999,5,2,Sunday,18-25,Medium
2024-05-20,Восток,Телефон,1214.73,5,29.0,3.1,False,6073.65,1822.0949999999998,5,2,Monday,26-35,High
2024-05-21,Север,Ноутбук,794.7,3,18.0,1.7,True,2384.1000000000004,715.2300000000001,5,2,Tuesday,18-25,Low
2024-05-22,Восток,Монитор,1026.59,3,61.0,2.7,False,3079.7699999999995,923.9309999999998,5,2,Wednesday,50+,Medium
2024-05-23,Восток,Планшет,859.98,5,39.0,3.2,False,4299.9,1289.9699999999998,5,2,Thursday,36-50,Medium
2024-05-24,Восток,Монитор,1239.01,11,55.0,3.7,False,13629.11,4088.733,5,2,Friday,50+,High
2024-05-25,Запад,Телефон,695.36,7,68.0,3.4,False,4867.52,1460.256,5,2,Saturday,50+,Low
2024-05-26,Запад,Планшет,888.22,7,36.0,2.6,False,6217.54,1865.262,5,2,Sunday,36-50,Medium
2024-05-27,Запад,Телефон,1075.44,4,33.0,2.1,False,4301.76,1290.528,5,2,Monday,26-35,Medium
2024-05-28,Север,Планшет,1313.1,1,48.0,1.7,False,1313.1,393.92999999999995,5,2,Tuesday,36-50,High
2024-05-29,Восток,Ноутбук,986.85,4,68.0,3.8,False,3947.4,1184.22,5,2,Wednesday,50+,Medium
2024-05-30,Запад,Ноутбук,888.96,5,20.0,3.6,False,4444.8,1333.44,5,2,Thursday,18-25,Medium
2024-05-31,Запад,Ноутбук,1376.23,4,40.0,3.7,False,5504.92,1651.4759999999999,5,2,Friday,36-50,High
2024-06-01,Север,Монитор,710.4,4,59.0,2.5,False,2841.6,852.4799999999999,6,2,Saturday,50+,Low
2024-06-02,Запад,Телефон,560.24,7,35.0,2.0,True,3921.6800000000003,1176.5040000000001,6,2,Sunday,26-35,Low
2024-06-03,Север,Монитор,1088.0,6,43.0,4.0,False,6528.0,1958.3999999999999,6,2,Monday,36-50,Medium
2024-06-04,Юг,Ноутбук,899.59,8,30.0,4.1,False,7196.72,2159.016,6,2,Tuesday,26-35,Medium
2024-06-05,Запад,Телефон,795.75,4,35.0,2.8,False,3183.0,954.9,6,2,Wednesday,26-35,Low
2024-06-06,Юг,Ноутбук,1141.67,3,20.0,3.4,False,3425.01,1027.503,6,2,Thursday,18-25,Medium
2024-06-07,Север,Монитор,1048.76,0,40.0,2.5,False,0.0,0.0,6,2,Friday,36-50,Medium
2024-06-08,Восток,Монитор,887.18,4,20.0,3.8,True,3548.72,1064.616,6,2,Saturday,18-25,Medium
2024-06-09,Запад,Монитор,743.94,1,42.0,4.3,False,743.94,223.18200000000002,6,2,Sunday,36-50,Low
2024-06-10,Север,Ноутбук,1174.49,4,44.0,3.8,False,4697.96,1409.388,6,2,Monday,36-50,Medium
2024-06-11,Восток,Телефон,1130.04,3,61.0,3.1,False,3390.12,1017.036,6,2,Tuesday,50+,Medium
2024-06-12,Восток,Телефон,980.16,5,44.0,2.8,True,4900.8,1470.24,6,2,Wednesday,36-50,Medium
2024-06-13,Юг,Ноутбук,1369.33,6,69.0,3.6,False,8215.98,2464.794,6,2,Thursday,50+,High
2024-06-14,Север,Телефон,785.98,6,56.0,3.7,False,4715.88,1414.764,6,2,Friday,50+,Low
2024-06-15,Восток,Ноутбук,694.89,4,42.0,3.2,False,2779.56,833.8679999999999,6,2,Saturday,36-50,Low
2024-06-16,Запад,Телефон,861.62,4,41.0,3.5,False,3446.48,1033.944,6,2,Sunday,36-50,Medium
2024-06-17,Запад,Планшет,990.88,5,25.0,1.4,False,4954.4,1486.32,6,2,Monday,18-25,Medium
2024-06-18,Юг,Планшет,1048.67,1,26.0,4.8,True,1048.67,314.601,6,2,Tuesday,26-35,Medium
2024-06-19,Восток,Монитор,951.75,9,63.0,4.2,False,8565.75,2569.725,6,2,Wednesday,50+,Medium
2024-06-20,Север,Планшет,1070.41,7,54.0,2.5,False,7492.870000000001,2247.8610000000003,6,2,Thursday,50+,Medium
2024-06-21,Запад,Планшет,749.69,5,47.0,3.3,True,3748.4500000000003,1124.535,6,2,Friday,36-50,Low
2024-06-22,Восток,Планшет,1288.75,4,36.0,1.2,False,5155.0,1546.5,6,2,Saturday,36-50,High
2024-06-23,Восток,Ноутбук,983.57,5,33.0,1.2,False,4917.85,1475.355,6,2,Sunday,26-35,Medium
2024-06-24,Юг,Планшет,1223.46,4,41.0,2.0,True,4893.84,1468.152,6,2,Monday,36-50,High
2024-06-25,Запад,Планшет,1068.55,1,61.0,3.8,False,1068.55,320.565,6,2,Tuesday,50+,Medium
2024-06-26,Запад,Монитор,1091.35,3,38.0,4.4,False,3274.0499999999997,982.2149999999999,6,2,Wednesday,36-50,Medium
2024-06-27,Север,Планшет,1113.95,7,53.0,3.2,False,7797.650000000001,2339.295,6,2,Thursday,50+,Medium
2024-06-28,Запад,Планшет,1089.54,6,57.0,3.1,False,6537.24,1961.1719999999998,6,2,Friday,50+,Medium
2024-06-29,Север,Телефон,1128.54,10,56.0,2.6,False,11285.4,3385.62,6,2,Saturday,50+,Medium
2024-06-30,Запад,Монитор,1265.83,4,64.0,1.6,False,5063.32,1518.9959999999999,6,2,Sunday,50+,High
2024-07-01,Юг,Монитор,1039.3,5,23.0,1.5,True,5196.5,1558.95,7,3,Monday,18-25,Medium
2024-07-02,Запад,Монитор,1141.8,6,22.0,4.0,False,6850.799999999999,2055.24,7,3,Tuesday,18-25,Medium
2024-07-03,Север,Монитор,982.05,6,31.0,4.7,False,5892.299999999999,1767.6899999999998,7,3,Wednesday,26-35,Medium
2024-07-04,Север,Монитор,1288.02,8,62.0,2.8,False,10304.16,3091.248,7,3,Thursday,50+,High
2024-07-05,Юг,Монитор,864.72,4,59.0,3.6,False,3458.88,1037.664,7,3,Friday,50+,Medium
2024-07-06,Запад,Ноутбук,1360.19,3,67.0,4.7,True,4080.57,1224.171,7,3,Saturday,50+,High
2024-07-07,Запад,Планшет,991.97,3,21.0,1.4,False,2975.91,892.7729999999999,7,3,Sunday,18-25,Medium
2024-07-08,Юг,Монитор,713.84,9,25.0,4.1,False,6424.56,1927.368,7,3,Monday,18-25,Low
2024-07-09,Запад,Планшет,1025.62,7,41.0,3.5,False,7179.339999999999,2153.8019999999997,7,3,Tuesday,36-50,Medium
2024-07-10,Запад,Планшет,863.79,2,28.0,3.4,False,1727.58,518.274,7,3,Wednesday,26-35,Medium
2024-07-11,Север,Ноутбук,1168.13,2,34.0,2.2,False,2336.26,700.878,7,3,Thursday,26-35,Medium
2024-07-12,Запад,Монитор,869.48,4,67.0,3.7,False,3477.92,1043.376,7,3,Friday,50+,Medium
2024-07-13,Запад,Телефон,910.76,6,38.0,4.2,False,5464.5599999999995,1639.3679999999997,7,3,Saturday,36-50,Medium
2024-07-14,Юг,Ноутбук,622.09,9,43.0,1.5,False,5598.81,1679.643,7,3,Sunday,36-50,Low
2024-07-15,Юг,Телефон,909.54,11,60.0,3.1,False,10004.939999999999,3001.4819999999995,7,3,Monday,50+,Medium
2024-07-16,Восток,Планшет,515.22,4,65.0,1.4,True,2060.88,618.264,7,3,Tuesday,50+,Low
2024-07-17,Север,Планшет,683.22,7,61.0,4.5,True,4782.54,1434.762,7,3,Wednesday,50+,Low
2024-07-18,Запад,Ноутбук,1152.08,7,62.0,3.0,False,8064.5599999999995,2419.368,7,3,Thursday,50+,Medium
2024-07-19,Запад,Ноутбук,1157.16,3,44.0,4.2,True,3471.4800000000005,1041.4440000000002,7,3,Friday,36-50,Medium
2024-07-20,Восток,Телефон,1085.09,7,33.0,2.5,False,7595.629999999999,2278.689,7,3,Saturday,26-35,Medium
2024-07-21,Запад,Монитор,806.6,5,43.0,1.5,True,4033.0,1209.8999999999999,7,3,Sunday,36-50,Medium
2024-07-22,Север,Телефон,990.46,2,50.0,1.2,True,1980.92,594.276,7,3,Monday,36-50,Medium
2024-07-23,Восток,Ноутбук,999.28,9,48.0,2.1,False,8993.52,2698.056,7,3,Tuesday,36-50,Medium
2024-07-24,Север,Телефон,768.33,6,65.0,2.0,False,4609.9800000000005,1382.9940000000001,7,3,Wednesday,50+,Low
2024-07-25,Восток,Ноутбук,1300.68,3,64.0,3.2,False,3902.04,1170.6119999999999,7,3,Thursday,50+,High
2024-07-26,Восток,Телефон,1175.47,6,23.0,1.1,False,7052.82,2115.846,7,3,Friday,18-25,Medium
2024-07-27,Юг,Ноутбук,955.81,3,61.0,3.1,False,2867.43,860.2289999999999,7,3,Saturday,50+,Medium
2024-07-28,Север,Ноутбук,1005.38,2,25.0,2.6,True,2010.76,603.228,7,3,Sunday,18-25,Medium
2024-07-29,Запад,Ноутбук,1041.68,8,24.0,3.3,False,8333.44,2500.032,7,3,Monday,18-25,Medium
2024-07-30,Запад,Монитор,591.65,4,51.0,3.8,False,2366.6,709.9799999999999,7,3,Tuesday,50+,Low
2024-07-31,Север,Телефон,950.56,5,61.0,3.5,False,4752.799999999999,1425.8399999999997,7,3,Wednesday,50+,Medium
2024-08-01,Запад,Телефон,863.6,4,31.0,4.9,False,3454.4,1036.32,8,3,Thursday,26-35,Medium
2024-08-02,Запад,Телефон,799.68,3,33.0,1.6,False,2399.04,719.712,8,3,Friday,26-35,Low
2024-08-03,Север,Ноутбук,943.78,4,60.0,2.7,True,3775.12,1132.5359999999998,8,3,Saturday,50+,Medium
2024-08-04,Восток,Телефон,1359.54,3,69.0,2.7,True,4078.62,1223.586,8,3,Sunday,50+,High
2024-08-05,Север,Телефон,1128.17,11,26.0,2.7,False,12409.87,3722.9610000000002,8,3,Monday,26-35,Medium
2024-08-06,Восток,Ноутбук,885.76,6,27.0,3.7,False,5314.5599999999995,1594.3679999999997,8,3,Tuesday,26-35,Medium
2024-08-07,Запад,Планшет,1114.52,5,34.0,3.0,True,5572.6,1671.78,8,3,Wednesday,26-35,Medium
2024-08-08,Запад,Ноутбук,1279.87,5,29.0,3.1,False,6399.349999999999,1919.8049999999998,8,3,Thursday,26-35,High
2024-08-09,Запад,Телефон,1184.93,5,23.0,2.7,True,5924.650000000001,1777.3950000000002,8,3,Friday,18-25,Medium
2024-08-10,Юг,Ноутбук,1011.93,3,36.0,5.0,False,3035.79,910.737,8,3,Saturday,36-50,Medium
2024-08-11,Восток,Планшет,870.61,6,60.0,4.7,False,5223.66,1567.098,8,3,Sunday,50+,Medium
2024-08-12,Юг,Ноутбук,1139.64,4,58.0,2.2,False,4558.56,1367.568,8,3,Monday,50+,Medium
2024-08-13,Юг,Телефон,1078.7,5,46.0,1.4,False,5393.5,1618.05,8,3,Tuesday,36-50,Medium
2024-08-14,Север,Планшет,1179.04,3,23.0,4.4,False,3537.12,1061.136,8,3,Wednesday,18-25,Medium
2024-08-15,Юг,Монитор,1127.03,7,42.0,5.0,False,7889.21,2366.763,8,3,Thursday,36-50,Medium
2024-08-16,Север,Телефон,1209.91,3,41.0,2.2,True,3629.7300000000005,1088.919,8,3,Friday,36-50,High
2024-08-17,Север,Планшет,892.95,6,42.0,2.4,False,5357.700000000001,1607.3100000000002,8,3,Saturday,36-50,Medium
2024-08-18,Юг,Планшет,1263.48,7,33.0,4.8,True,8844.36,2653.308,8,3,Sunday,26-35,High
2024-08-19,Восток,Монитор,1039.52,1,69.0,3.8,False,1039.52,311.856,8,3,Monday,50+,Medium
2024-08-20,Восток,Ноутбук,1415.05,6,33.0,2.2,False,8490.3,2547.0899999999997,8,3,Tuesday,26-35,High
2024-08-21,Восток,Ноутбук,862.16,4,23.0,3.3,False,3448.64,1034.5919999999999,8,3,Wednesday,18-25,Medium
2024-08-22,Восток,Телефон,1347.19,2,54.0,4.8,False,2694.38,808.314,8,3,Thursday,50+,High
2024-08-23,Восток,Монитор,1039.58,2,38.0,4.2,True,2079.16,623.7479999999999,8,3,Friday,36-50,Medium
2024-08-24,Юг,Ноутбук,869.72,5,21.0,4.0,False,4348.6,1304.5800000000002,8,3,Saturday,18-25,Medium
2024-08-25,Юг,Монитор,903.22,5,51.0,3.9,False,4516.1,1354.8300000000002,8,3,Sunday,50+,Medium
2024-08-26,Запад,Ноутбук,935.93,3,45.0,1.7,False,2807.79,842.337,8,3,Monday,36-50,Medium
2024-08-27,Восток,Планшет,1084.83,5,55.0,4.3,True,5424.15,1627.245,8,3,Tuesday,50+,Medium
2024-08-28,Юг,Ноутбук,1104.57,11,58.0,2.1,False,12150.269999999999,3645.0809999999997,8,3,Wednesday,50+,Medium
2024-08-29,Запад,Монитор,885.26,2,45.0,4.7,False,1770.52,531.156,8,3,Thursday,36-50,Medium
2024-08-30,Восток,Планшет,995.13,6,34.0,2.5,False,5970.78,1791.234,8,3,Friday,26-35,Medium
2024-08-31,Север,Планшет,1428.45,5,31.0,4.4,False,7142.25,2142.6749999999997,8,3,Saturday,26-35,High
2024-09-01,Запад,Планшет,1345.51,3,24.0,2.1,False,4036.5299999999997,1210.9589999999998,9,3,Sunday,18-25,High
2024-09-02,Юг,Монитор,1087.26,4,39.0,3.1,True,4349.04,1304.712,9,3,Monday,36-50,Medium
2024-09-03,Север,Телефон,1007.6,10,68.0,1.4,True,10076.0,3022.7999999999997,9,3,Tuesday,50+,Medium
2024-09-04,Север,Телефон,1024.01,1,18.0,3.6,False,1024.01,307.203,9,3,Wednesday,18-25,Medium
2024-09-05,Север,Телефон,1122.7,8,46.0,4.3,True,8981.6,2694.48,9,3,Thursday,36-50,Medium
2024-09-06,Запад,Монитор,795.44,3,69.0,3.9,False,2386.32,715.8960000000001,9,3,Friday,50+,Low
2024-09-07,Юг,Планшет,948.52,5,48.0,3.1,False,4742.6,1422.78,9,3,Saturday,36-50,Medium
2024-09-08,Север,Телефон,666.28,4,47.0,1.2,False,2665.12,799.536,9,3,Sunday,36-50,Low
2024-09-09,Восток,Монитор,1079.84,11,32.0,4.7,True,11878.24,3563.4719999999998,9,3,Monday,26-35,Medium
2024-09-10,Север,Телефон,1129.44,3,35.0,3.8,False,3388.32,1016.496,9,3,Tuesday,26-35,Medium
2024-09-11,Север,Ноутбук,903.36,4,52.0,4.0,True,3613.44,1084.032,9,3,Wednesday,50+,Medium
2024-09-12,Запад,Телефон,1314.8,3,67.0,4.2,False,3944.3999999999996,1183.32,9,3,Thursday,50+,High
2024-09-13,Запад,Телефон,754.85,3,47.0,4.0,False,2264.55,679.365,9,3,Friday,36-50,Low
2024-09-14,Юг,Планшет,707.13,8,51.0,2.8,False,5657.04,1697.1119999999999,9,3,Saturday,50+,Low
2024-09-15,Восток,Монитор,1044.89,1,59.0,3.9,False,1044.89,313.46700000000004,9,3,Sunday,50+,Medium
2024-09-16,Запад,Планшет,1209.42,5,28.0,3.5,True,6047.1,1814.13,9,3,Monday,26-35,High
2024-09-17,Север,Планшет,1336.79,7,44.0,4.4,False,9357.529999999999,2807.2589999999996,9,3,Tuesday,36-50,High
2024-09-18,Юг,Планшет,908.22,3,41.0,4.2,True,2724.66,817.3979999999999,9,3,Wednesday,36-50,Medium
2024-09-19,Север,Планшет,1215.74,7,52.0,1.2,True,8510.18,2553.054,9,3,Thursday,50+,High
2024-09-20,Север,Планшет,992.3,5,56.0,2.5,False,4961.5,1488.45,9,3,Friday,50+,Medium
2024-09-21,Запад,Телефон,965.47,7,25.0,1.1,False,6758.29,2027.4869999999999,9,3,Saturday,18-25,Medium
2024-09-22,Юг,Планшет,1176.73,5,68.0,1.4,False,5883.65,1765.0949999999998,9,3,Sunday,50+,Medium
2024-09-23,Восток,Планшет,1130.46,7,35.0,3.4,False,7913.22,2373.966,9,3,Monday,26-35,Medium
2024-09-24,Восток,Монитор,684.72,5,30.0,4.5,False,3423.6000000000004,1027.0800000000002,9,3,Tuesday,26-35,Low
2024-09-25,Запад,Ноутбук,1295.31,4,62.0,1.5,False,5181.24,1554.3719999999998,9,3,Wednesday,50+,High
2024-09-26,Запад,Телефон,1276.02,5,41.0,2.8,False,6380.1,1914.03,9,3,Thursday,36-50,High
2024-09-27,Юг,Телефон,874.89,11,68.0,4.6,True,9623.789999999999,2887.1369999999997,9,3,Friday,50+,Medium
2024-09-28,Восток,Телефон,1079.16,7,40.0,4.3,False,7554.120000000001,2266.2360000000003,9,3,Saturday,36-50,Medium
2024-09-29,Восток,Планшет,1098.81,6,29.0,3.1,True,6592.86,1977.8579999999997,9,3,Sunday,26-35,Medium
2024-09-30,Восток,Планшет,1052.13,3,66.0,4.1,False,3156.3900000000003,946.917,9,3,Monday,50+,Medium
2024-10-01,Север,Планшет,889.94,0,47.0,3.1,False,0.0,0.0,10,4,Tuesday,36-50,Medium
2024-10-02,Восток,Монитор,865.68,10,48.0,1.6,False,8656.8,2597.0399999999995,10,4,Wednesday,36-50,Medium
2024-10-03,Север,Ноутбук,994.89,5,45.0,1.5,False,4974.45,1492.3349999999998,10,4,Thursday,36-50,Medium
2024-10-04,Юг,Планшет,1234.55,5,39.0,1.8,True,6172.75,1851.8249999999998,10,4,Friday,36-50,High
2024-10-05,Север,Ноутбук,1108.72,3,61.0,2.4,False,3326.16,997.848,10,4,Saturday,50+,Medium
2024-10-06,Юг,Монитор,925.88,4,45.0,4.7,False,3703.52,1111.056,10,4,Sunday,36-50,Medium
2024-10-07,Восток,Телефон,1154.34,2,30.0,4.2,False,2308.68,692.6039999999999,10,4,Monday,26-35,Medium
2024-10-08,Восток,Планшет,430.29,2,42.0,2.7,False,860.58,258.174,10,4,Tuesday,36-50,Low
2024-10-09,Юг,Ноутбук,1229.75,7,61.0,3.0,False,8608.25,2582.475,10,4,Wednesday,50+,High
2024-10-10,Запад,Ноутбук,652.06,3,68.0,2.1,False,1956.1799999999998,586.8539999999999,10,4,Thursday,50+,Low
2024-10-11,Юг,Планшет,927.51,1,63.0,3.8,False,927.51,278.253,10,4,Friday,50+,Medium
2024-10-12,Запад,Телефон,776.07,3,24.0,4.2,True,2328.21,698.463,10,4,Saturday,18-25,Low
2024-10-13,Север,Телефон,741.06,7,62.0,2.0,True,5187.42,1556.2259999999999,10,4,Sunday,50+,Low
2024-10-14,Север,Телефон,1232.17,5,23.0,1.2,False,6160.85,1848.255,10,4,Monday,18-25,High
2024-10-15,Север,Монитор,906.46,5,41.0,3.5,True,4532.3,1359.69,10,4,Tuesday,36-50,Medium
2024-10-16,Восток,Ноутбук,1069.3,4,36.0,3.3,False,4277.2,1283.1599999999999,10,4,Wednesday,36-50,Medium
2024-10-17,Север,Ноутбук,990.62,5,36.0,2.6,False,4953.1,1485.93,10,4,Thursday,36-50,Medium
2024-10-18,Запад,Ноутбук,1095.41,5,53.0,3.6,False,5477.05,1643.115,10,4,Friday,50+,Medium
2024-10-19,Север,Монитор,1015.36,3,68.0,3.2,False,3046.08,913.824,10,4,Saturday,50+,Medium
2024-10-20,Юг,Ноутбук,743.4,3,26.0,2.0,True,2230.2,669.06,10,4,Sunday,26-35,Low
2024-10-21,Юг,Монитор,1199.25,6,65.0,2.6,False,7195.5,2158.65,10,4,Monday,50+,Medium
2024-10-22,Восток,Телефон,901.25,6,53.0,2.7,False,5407.5,1622.25,10,4,Tuesday,50+,Medium
2024-10-23,Юг,Планшет,688.68,4,55.0,4.5,False,2754.72,826.4159999999999,10,4,Wednesday,50+,Low
2024-10-24,Запад,Ноутбук,914.38,9,57.0,4.8,True,8229.42,2468.826,10,4,Thursday,50+,Medium
2024-10-25,Север,Ноутбук,1300.15,6,46.0,4.6,False,7800.900000000001,2340.27,10,4,Friday,36-50,High
2024-10-26,Восток,Телефон,1170.04,5,41.0,3.9,True,5850.2,1755.06,10,4,Saturday,36-50,Medium
2024-10-27,Север,Планшет,930.27,5,65.0,3.3,False,4651.35,1395.405,10,4,Sunday,50+,Medium
2024-10-28,Север,Монитор,930.15,4,22.0,3.8,True,3720.6,1116.1799999999998,10,4,Monday,18-25,Medium
2024-10-29,Запад,Планшет,935.67,10,59.0,4.8,False,9356.699999999999,2807.0099999999998,10,4,Tuesday,50+,Medium
2024-10-30,Юг,Телефон,1415.35,6,62.0,2.0,False,8492.099999999999,2547.6299999999997,10,4,Wednesday,50+,High
2024-10-31,Юг,Телефон,1076.39,2,43.0,3.1,True,2152.78,645.8340000000001,10,4,Thursday,36-50,Medium
2024-11-01,Север,Планшет,1086.01,4,31.0,3.8,True,4344.04,1303.212,11,4,Friday,26-35,Medium
2024-11-02,Восток,Монитор,1206.06,3,56.0,3.7,False,3618.18,1085.454,11,4,Saturday,50+,High
2024-11-03,Юг,Монитор,1047.76,2,46.0,2.0,True,2095.52,628.656,11,4,Sunday,36-50,Medium
2024-11-04,Восток,Ноутбук,948.19,5,69.0,3.3,False,4740.950000000001,1422.285,11,4,Monday,50+,Medium
2024-11-05,Юг,Монитор,960.73,6,23.0,4.2,False,5764.38,1729.314,11,4,Tuesday,18-25,Medium
2024-11-06,Восток,Планшет,985.68,5,24.0,2.9,False,4928.4,1478.5199999999998,11,4,Wednesday,18-25,Medium
2024-11-07,Запад,Телефон,992.56,10,54.0,4.2,False,9925.599999999999,2977.6799999999994,11,4,Thursday,50+,Medium
2024-11-08,Восток,Ноутбук,1145.53,5,35.0,2.4,True,5727.65,1718.2949999999998,11,4,Friday,26-35,Medium
2024-11-09,Запад,Ноутбук,1010.39,5,40.0,4.8,False,5051.95,1515.5849999999998,11,4,Saturday,36-50,Medium
2024-11-10,Запад,Телефон,1146.53,4,61.0,3.1,True,4586.12,1375.836,11,4,Sunday,50+,Medium
2024-11-11,Восток,Монитор,983.86,4,55.0,3.4,False,3935.44,1180.632,11,4,Monday,50+,Medium
2024-11-12,Запад,Телефон,1015.73,3,18.0,1.1,False,3047.19,914.157,11,4,Tuesday,18-25,Medium
2024-11-13,Север,Монитор,600.36,6,21.0,1.7,False,3602.16,1080.648,11,4,Wednesday,18-25,Low
2024-11-14,Запад,Телефон,1183.27,4,68.0,3.5,True,4733.08,1419.924,11,4,Thursday,50+,Medium
2024-11-15,Юг,Планшет,1069.3,2,61.0,2.7,False,2138.6,641.5799999999999,11,4,Friday,50+,Medium
2024-11-16,Восток,Монитор,1199.6,9,64.0,3.0,False,10796.4,3238.9199999999996,11,4,Saturday,50+,Medium
2024-11-17,Север,Планшет,420.75,5,52.0,1.3,False,2103.75,631.125,11,4,Sunday,50+,Low
2024-11-18,Восток,Ноутбук,1417.67,9,40.0,4.3,False,12759.03,3827.709,11,4,Monday,36-50,High
2024-11-19,Юг,Телефон,972.08,5,44.0,4.1,False,4860.400000000001,1458.1200000000001,11,4,Tuesday,36-50,Medium
2024-11-20,Юг,Ноутбук,1221.64,5,43.0,1.7,True,6108.200000000001,1832.4600000000003,11,4,Wednesday,36-50,High
2024-11-21,Юг,Ноутбук,792.02,1,69.0,3.5,False,792.02,237.606,11,4,Thursday,50+,Low
2024-11-22,Запад,Ноутбук,1122.55,5,25.0,4.3,False,5612.75,1683.825,11,4,Friday,18-25,Medium
2024-11-23,Запад,Ноутбук,789.32,8,60.0,3.6,False,6314.56,1894.368,11,4,Saturday,50+,Low
2024-11-24,Восток,Телефон,875.25,6,33.0,2.2,False,5251.5,1575.45,11,4,Sunday,26-35,Medium
2024-11-25,Восток,Ноутбук,1382.81,2,58.0,3.6,True,2765.62,829.6859999999999,11,4,Monday,50+,High
2024-11-26,Север,Телефон,961.86,5,20.0,1.8,False,4809.3,1442.79,11,4,Tuesday,18-25,Medium
2024-11-27,Север,Телефон,1043.49,5,49.0,2.3,False,5217.45,1565.235,11,4,Wednesday,36-50,Medium
2024-11-28,Восток,Планшет,1174.01,4,22.0,2.0,True,4696.04,1408.812,11,4,Thursday,18-25,Medium
2024-11-29,Запад,Монитор,1099.14,6,37.0,3.2,False,6594.84,1978.452,11,4,Friday,36-50,Medium
2024-11-30,Юг,Монитор,1030.08,5,31.0,1.4,False,5150.4,1545.12,11,4,Saturday,26-35,Medium
2024-12-01,Восток,Телефон,1072.99,6,49.0,4.7,False,6437.9400000000005,1931.382,12,4,Sunday,36-50,Medium
2024-12-02,Север,Планшет,1480.68,5,43.0,2.3,False,7403.400000000001,2221.02,12,4,Monday,36-50,High
2024-12-03,Запад,Телефон,988.48,4,64.0,1.9,False,3953.92,1186.176,12,4,Tuesday,50+,Medium
2024-12-04,Восток,Телефон,1040.22,7,23.0,3.0,True,7281.54,2184.462,12,4,Wednesday,18-25,Medium
2024-12-05,Восток,Телефон,1210.13,5,53.0,2.1,False,6050.650000000001,1815.1950000000002,12,4,Thursday,50+,High
2024-12-06,Запад,Планшет,1221.11,7,57.0,3.1,False,8547.769999999999,2564.3309999999997,12,4,Friday,50+,High
2024-12-07,Восток,Монитор,1237.41,6,68.0,2.4,False,7424.460000000001,2227.338,12,4,Saturday,50+,High
2024-12-08,Запад,Планшет,1127.75,4,22.0,1.5,False,4511.0,1353.3,12,4,Sunday,18-25,Medium
2024-12-09,Юг,Ноутбук,771.4,8,30.0,2.1,False,6171.2,1851.36,12,4,Monday,26-35,Low
2024-12-10,Запад,Планшет,1326.69,4,49.0,2.8,True,5306.76,1592.028,12,4,Tuesday,36-50,High
2024-12-11,Запад,Планшет,770.73,3,33.0,1.1,True,2312.19,693.657,12,4,Wednesday,26-35,Low
2024-12-12,Запад,Планшет,1060.53,5,18.0,4.1,False,5302.65,1590.7949999999998,12,4,Thursday,18-25,Medium
2024-12-13,Восток,Планшет,849.14,10,30.0,3.5,False,8491.4,2547.4199999999996,12,4,Friday,26-35,Medium
2024-12-14,Восток,Монитор,987.17,6,28.0,3.4,False,5923.0199999999995,1776.9059999999997,12,4,Saturday,26-35,Medium
2024-12-15,Запад,Ноутбук,1065.75,4,25.0,3.2,False,4263.0,1278.8999999999999,12,4,Sunday,18-25,Medium
2024-12-16,Восток,Монитор,1064.27,3,42.0,3.4,False,3192.81,957.843,12,4,Monday,36-50,Medium
2024-12-17,Север,Монитор,1084.38,3,57.0,4.7,False,3253.1400000000003,975.942,12,4,Tuesday,50+,Medium
2024-12-18,Север,Планшет,1322.74,5,49.0,1.0,False,6613.7,1984.11,12,4,Wednesday,36-50,High
2024-12-19,Восток,Телефон,1090.71,2,41.0,1.2,False,2181.42,654.426,12,4,Thursday,36-50,Medium
2024-12-20,Восток,Телефон,951.17,6,45.0,1.8,False,5707.0199999999995,1712.1059999999998,12,4,Friday,36-50,Medium
2024-12-21,Запад,Монитор,1192.82,2,31.0,1.7,False,2385.64,715.6919999999999,12,4,Saturday,26-35,Medium
2024-12-22,Юг,Монитор,1237.89,5,62.0,1.7,True,6189.450000000001,1856.835,12,4,Sunday,50+,High
2024-12-23,Восток,Планшет,754.48,2,20.0,3.7,False,1508.96,452.688,12,4,Monday,18-25,Low
2024-12-24,Север,Монитор,1119.48,6,53.0,2.8,False,6716.88,2015.0639999999999,12,4,Tuesday,50+,Medium
2024-12-25,Запад,Планшет,1140.23,3,44.0,5.0,True,3420.69,1026.2069999999999,12,4,Wednesday,36-50,Medium
2024-12-26,Восток,Телефон,940.49,5,37.0,1.9,True,4702.45,1410.735,12,4,Thursday,36-50,Medium
2024-12-27,Север,Телефон,1275.14,2,64.0,2.2,True,2550.28,765.0840000000001,12,4,Friday,50+,High
2024-12-28,Север,Ноутбук,969.99,6,32.0,4.9,False,5819.9400000000005,1745.9820000000002,12,4,Saturday,26-35,Medium
2024-12-29,Юг,Телефон,1025.12,6,44.0,4.3,True,6150.719999999999,1845.2159999999997,12,4,Sunday,36-50,Medium
2024-12-30,Запад,Монитор,965.39,7,62.0,2.9,True,6757.73,2027.3189999999997,12,4,Monday,50+,Medium
2024-12-31,Запад,Телефон,1003.12,6,58.0,3.2,False,6018.72,1805.616,12,4,Tuesday,50+,Medium
2025-01-01,Юг,Планшет,780.74,6,45.0,4.4,False,4684.4400000000005,1405.332,1,1,Wednesday,36-50,Low
2025-01-02,Юг,Телефон,711.99,4,42.0,2.9,True,2847.96,854.388,1,1,Thursday,36-50,Low
2025-01-03,Запад,Ноутбук,1318.9,4,59.0,1.8,False,5275.6,1582.68,1,1,Friday,50+,High
2025-01-04,Запад,Телефон,830.61,7,61.0,4.3,False,5814.27,1744.2810000000002,1,1,Saturday,50+,Medium
2025-01-05,Восток,Планшет,801.72,5,63.0,3.2,False,4008.6000000000004,1202.5800000000002,1,1,Sunday,50+,Medium
2025-01-06,Восток,Планшет,569.32,5,50.0,1.6,False,2846.6000000000004,853.9800000000001,1,1,Monday,36-50,Low
2025-01-07,Юг,Монитор,872.21,8,63.0,3.0,True,6977.68,2093.304,1,1,Tuesday,50+,Medium
2025-01-08,Восток,Телефон,735.38,4,31.0,2.7,False,2941.52,882.456,1,1,Wednesday,26-35,Low
2025-01-09,Север,Планшет,1328.4,2,25.0,4.5,False,2656.8,797.0400000000001,1,1,Thursday,18-25,High
2025-01-10,Восток,Ноутбук,1201.96,3,65.0,1.5,True,3605.88,1081.764,1,1,Friday,50+,High
2025-01-11,Восток,Монитор,862.37,4,31.0,4.5,False,3449.48,1034.844,1,1,Saturday,26-35,Medium
2025-01-12,Север,Ноутбук,1450.49,6,18.0,3.0,False,8702.94,2610.882,1,1,Sunday,18-25,High
2025-01-13,Юг,Телефон,1196.35,9,33.0,2.6,False,10767.15,3230.145,1,1,Monday,26-35,Medium
2025-01-14,Север,Телефон,935.03,3,35.0,1.6,False,2805.09,841.527,1,1,Tuesday,26-35,Medium
2025-01-15,Восток,Телефон,500.12,5,24.0,3.8,False,2500.6,750.18,1,1,Wednesday,18-25,Low
2025-01-16,Юг,Монитор,1458.19,3,32.0,4.7,False,4374.57,1312.3709999999999,1,1,Thursday,26-35,High
2025-01-17,Восток,Планшет,722.09,2,41.0,2.5,False,1444.18,433.254,1,1,Friday,36-50,Low
2025-01-18,Север,Монитор,670.92,4,66.0,2.0,False,2683.68,805.1039999999999,1,1,Saturday,50+,Low
2025-01-19,Север,Ноутбук,1204.51,9,68.0,3.2,False,10840.59,3252.177,1,1,Sunday,50+,High
2025-01-20,Восток,Монитор,1487.95,4,30.0,4.2,False,5951.8,1785.54,1,1,Monday,26-35,High
2025-01-21,Запад,Ноутбук,1276.85,5,26.0,1.0,False,6384.25,1915.2749999999999,1,1,Tuesday,26-35,High
2025-01-22,Запад,Монитор,1112.78,8,32.0,3.5,False,8902.24,2670.672,1,1,Wednesday,26-35,Medium
2025-01-23,Север,Планшет,1118.95,8,52.0,3.4,False,8951.6,2685.48,1,1,Thursday,50+,Medium
2025-01-24,Север,Ноутбук,1170.68,5,41.0,2.3,False,5853.400000000001,1756.0200000000002,1,1,Friday,36-50,Medium
2025-01-25,Запад,Телефон,1151.79,3,50.0,2.8,False,3455.37,1036.6109999999999,1,1,Saturday,36-50,Medium
2025-01-26,Запад,Телефон,1056.24,9,33.0,2.0,True,9506.16,2851.848,1,1,Sunday,26-35,Medium
2025-01-27,Восток,Монитор,1020.84,2,25.0,4.2,False,2041.68,612.504,1,1,Monday,18-25,Medium
2025-01-28,Восток,Телефон,987.48,8,46.0,3.5,True,7899.84,2369.9519999999998,1,1,Tuesday,36-50,Medium
2025-01-29,Запад,Ноутбук,849.21,7,40.0,3.1,True,5944.47,1783.3410000000001,1,1,Wednesday,36-50,Medium
2025-01-30,Восток,Телефон,943.86,6,62.0,2.6,True,5663.16,1698.9479999999999,1,1,Thursday,50+,Medium
2025-01-31,Восток,Планшет,661.41,9,48.0,2.2,False,5952.69,1785.8069999999998,1,1,Friday,36-50,Low
2025-02-01,Юг,Планшет,980.33,3,57.0,4.3,False,2940.9900000000002,882.297,2,1,Saturday,50+,Medium
2025-02-02,Восток,Монитор,802.28,6,66.0,2.8,False,4813.68,1444.104,2,1,Sunday,50+,Medium
2025-02-03,Север,Ноутбук,779.28,7,31.0,3.0,False,5454.96,1636.488,2,1,Monday,26-35,Low
2025-02-04,Восток,Планшет,1035.98,7,47.0,3.1,False,7251.860000000001,2175.558,2,1,Tuesday,36-50,Medium
2025-02-05,Восток,Планшет,1278.4,5,56.0,2.8,False,6392.0,1917.6,2,1,Wednesday,50+,High
2025-02-06,Запад,Ноутбук,1183.66,5,44.0,2.0,False,5918.3,1775.49,2,1,Thursday,36-50,Medium
2025-02-07,Север,Телефон,685.9,1,64.0,1.5,False,685.9,205.76999999999998,2,1,Friday,50+,Low
2025-02-08,Восток,Телефон,802.07,7,33.0,1.4,False,5614.490000000001,1684.3470000000002,2,1,Saturday,26-35,Medium
2025-02-09,Восток,Монитор,1188.15,4,68.0,4.0,False,4752.6,1425.78,2,1,Sunday,50+,Medium
2025-02-10,Юг,Телефон,803.5,7,23.0,1.9,False,5624.5,1687.35,2,1,Monday,18-25,Medium
2025-02-11,Восток,Ноутбук,955.07,5,50.0,1.2,False,4775.35,1432.605,2,1,Tuesday,36-50,Medium
2025-02-12,Восток,Планшет,1110.01,5,61.0,4.2,False,5550.05,1665.015,2,1,Wednesday,50+,Medium
2025-02-13,Юг,Телефон,806.33,3,35.0,1.6,True,2418.9900000000002,725.697,2,1,Thursday,26-35,Medium
2025-02-14,Запад,Монитор,1021.08,5,33.0,3.5,False,5105.400000000001,1531.6200000000001,2,1,Friday,26-35,Medium
2025-02-15,Восток,Телефон,733.19,5,29.0,2.4,False,3665.9500000000003,1099.785,2,1,Saturday,26-35,Low
2025-02-16,Юг,Ноутбук,879.73,4,37.0,1.5,True,3518.92,1055.676,2,1,Sunday,36-50,Medium
2025-02-17,Север,Монитор,1063.96,3,62.0,2.7,False,3191.88,957.564,2,1,Monday,50+,Medium
2025-02-18,Запад,Телефон,681.4,3,57.0,1.1,True,2044.1999999999998,613.2599999999999,2,1,Tuesday,50+,Low
2025-02-19,Север,Монитор,1088.09,5,46.0,4.4,False,5440.45,1632.135,2,1,Wednesday,36-50,Medium
2025-02-20,Север,Ноутбук,996.07,10,47.0,3.1,False,9960.7,2988.21,2,1,Thursday,36-50,Medium
2025-02-21,Юг,Планшет,1110.5,2,43.0,1.6,False,2221.0,666.3,2,1,Friday,36-50,Medium
2025-02-22,Восток,Ноутбук,1044.78,5,39.0,1.9,False,5223.9,1567.1699999999998,2,1,Saturday,36-50,Medium
2025-02-23,Юг,Ноутбук,1272.83,3,50.0,2.8,True,3818.49,1145.5469999999998,2,1,Sunday,36-50,High
2025-02-24,Юг,Ноутбук,1025.04,4,56.0,1.8,False,4100.16,1230.048,2,1,Monday,50+,Medium
2025-02-25,Юг,Ноутбук,914.12,6,64.0,2.1,True,5484.72,1645.416,2,1,Tuesday,50+,Medium
2025-02-26,Юг,Планшет,1024.46,3,46.0,3.1,False,3073.38,922.014,2,1,Wednesday,36-50,Medium
2025-02-27,Запад,Планшет,1108.66,4,39.0,4.3,False,4434.64,1330.392,2,1,Thursday,36-50,Medium
2025-02-28,Восток,Монитор,1009.77,4,62.0,2.6,False,4039.08,1211.724,2,1,Friday,50+,Medium
2025-03-01,Север,Телефон,1008.12,5,30.0,3.9,False,5040.6,1512.18,3,1,Saturday,26-35,Medium
2025-03-02,Север,Планшет,859.6,8,26.0,4.5,False,6876.8,2063.04,3,1,Sunday,26-35,Medium
2025-03-03,Восток,Планшет,867.42,5,41.0,1.9,False,4337.099999999999,1301.1299999999999,3,1,Monday,36-50,Medium
2025-03-04,Север,Телефон,719.48,6,32.0,4.2,False,4316.88,1295.064,3,1,Tuesday,26-35,Low
2025-03-05,Восток,Планшет,1349.92,3,53.0,4.0,True,4049.76,1214.928,3,1,Wednesday,50+,High
2025-03-06,Север,Ноутбук,751.23,4,30.0,2.4,False,3004.92,901.476,3,1,Thursday,26-35,Low
2025-03-07,Юг,Ноутбук,861.42,5,44.0,5.0,True,4307.099999999999,1292.1299999999999,3,1,Friday,36-50,Medium
2025-03-08,Север,Телефон,856.32,6,61.0,2.1,True,5137.92,1541.376,3,1,Saturday,50+,Medium
2025-03-09,Восток,Монитор,1178.98,7,54.0,2.0,True,8252.86,2475.858,3,1,Sunday,50+,Medium
2025-03-10,Восток,Монитор,941.01,5,24.0,4.1,False,4705.05,1411.515,3,1,Monday,18-25,Medium
2025-03-11,Восток,Телефон,1249.55,2,25.0,2.7,False,2499.1,749.7299999999999,3,1,Tuesday,18-25,High
2025-03-12,Восток,Телефон,865.3,6,54.0,2.3,False,5191.799999999999,1557.5399999999997,3,1,Wednesday,50+,Medium
2025-03-13,Восток,Ноутбук,1055.8,4,58.0,1.7,False,4223.2,1266.9599999999998,3,1,Thursday,50+,Medium
2025-03-14,Запад,Монитор,832.93,2,31.0,4.1,True,1665.86,499.7579999999999,3,1,Friday,26-35,Medium
2025-03-15,Запад,Планшет,1429.03,4,29.0,4.1,False,5716.12,1714.836,3,1,Saturday,26-35,High
2025-03-16,Север,Ноутбук,762.48,2,53.0,3.3,False,1524.96,457.488,3,1,Sunday,50+,Low
2025-03-17,Восток,Телефон,1061.96,3,69.0,4.8,True,3185.88,955.764,3,1,Monday,50+,Medium
2025-03-18,Север,Монитор,1126.76,4,57.0,2.3,False,4507.04,1352.1119999999999,3,1,Tuesday,50+,Medium
2025-03-19,Восток,Планшет,1082.76,7,34.0,1.9,False,7579.32,2273.796,3,1,Wednesday,26-35,Medium
2025-03-20,Восток,Планшет,962.94,5,57.0,3.7,False,4814.700000000001,1444.41,3,1,Thursday,50+,Medium
2025-03-21,Запад,Ноутбук,974.04,5,46.0,4.0,False,4870.2,1461.06,3,1,Friday,36-50,Medium
2025-03-22,Запад,Монитор,1008.76,7,44.0,1.9,False,7061.32,2118.3959999999997,3,1,Saturday,36-50,Medium
2025-03-23,Юг,Монитор,970.6,9,18.0,1.3,False,8735.4,2620.62,3,1,Sunday,18-25,Medium
2025-03-24,Запад,Телефон,1192.78,7,69.0,4.2,True,8349.46,2504.8379999999997,3,1,Monday,50+,Medium
2025-03-25,Юг,Монитор,1442.1,6,51.0,4.9,False,8652.599999999999,2595.7799999999993,3,1,Tuesday,50+,High
2025-03-26,Юг,Монитор,888.5,6,21.0,3.6,True,5331.0,1599.3,3,1,Wednesday,18-25,Medium
2025-03-27,Юг,Ноутбук,726.04,9,41.0,2.1,False,6534.36,1960.3079999999998,3,1,Thursday,36-50,Low
2025-03-28,Юг,Монитор,982.34,2,38.0,5.0,False,1964.68,589.404,3,1,Friday,36-50,Medium
2025-03-29,Юг,Планшет,1515.94,3,50.0,4.6,False,4547.82,1364.3459999999998,3,1,Saturday,36-50,High
2025-03-30,Север,Ноутбук,839.27,9,24.0,3.1,False,7553.43,2266.029,3,1,Sunday,18-25,Medium
2025-03-31,Запад,Ноутбук,1327.82,3,18.0,4.3,False,3983.46,1195.038,3,1,Monday,18-25,High
2025-04-01,Юг,Телефон,1335.54,8,58.0,4.3,False,10684.32,3205.296,4,2,Tuesday,50+,High
2025-04-02,Восток,Монитор,889.28,5,20.0,4.7,False,4446.4,1333.9199999999998,4,2,Wednesday,18-25,Medium
2025-04-03,Запад,Телефон,1113.8,4,61.0,4.4,False,4455.2,1336.56,4,2,Thursday,50+,Medium
2025-04-04,Запад,Планшет,1325.68,9,68.0,3.6,False,11931.12,3579.3360000000002,4,2,Friday,50+,High
2025-04-05,Юг,Ноутбук,924.17,2,32.0,3.4,True,1848.34,554.502,4,2,Saturday,26-35,Medium
2025-04-06,Север,Ноутбук,959.28,5,48.0,2.9,False,4796.4,1438.9199999999998,4,2,Sunday,36-50,Medium
2025-04-07,Юг,Ноутбук,883.66,10,33.0,3.5,False,8836.6,2650.98,4,2,Monday,26-35,Medium
2025-04-08,Север,Планшет,797.05,5,27.0,4.2,True,3985.25,1195.575,4,2,Tuesday,26-35,Low
2025-04-09,Восток,Планшет,870.14,4,46.0,4.9,False,3480.56,1044.168,4,2,Wednesday,36-50,Medium
2025-04-10,Запад,Телефон,755.21,7,23.0,2.9,False,5286.47,1585.941,4,2,Thursday,18-25,Low
2025-04-11,Восток,Телефон,1006.82,3,46.0,3.3,False,3020.46,906.138,4,2,Friday,36-50,Medium
2025-04-12,Север,Телефон,846.01,6,34.0,2.8,False,5076.0599999999995,1522.8179999999998,4,2,Saturday,26-35,Medium
2025-04-13,Север,Монитор,1046.76,3,39.0,3.7,False,3140.2799999999997,942.0839999999998,4,2,Sunday,36-50,Medium
2025-04-14,Восток,Ноутбук,688.82,3,41.0,3.5,False,2066.46,619.938,4,2,Monday,36-50,Low
2025-04-15,Север,Ноутбук,1066.18,4,34.0,1.1,False,4264.72,1279.416,4,2,Tuesday,26-35,Medium
2025-04-16,Восток,Телефон,1166.71,1,38.0,3.2,True,1166.71,350.013,4,2,Wednesday,36-50,Medium
2025-04-17,Запад,Ноутбук,601.25,2,68.0,1.4,True,1202.5,360.75,4,2,Thursday,50+,Low
2025-04-18,Восток,Телефон,1074.81,4,67.0,1.1,False,4299.24,1289.772,4,2,Friday,50+,Medium
2025-04-19,Запад,Монитор,1245.53,5,28.0,4.2,False,6227.65,1868.2949999999998,4,2,Saturday,26-35,High
2025-04-20,Восток,Монитор,758.07,8,24.0,2.0,True,6064.56,1819.3680000000002,4,2,Sunday,18-25,Low
2025-04-21,Север,Планшет,1334.51,7,59.0,2.4,False,9341.57,2802.471,4,2,Monday,50+,High
2025-04-22,Восток,Монитор,1083.8,7,56.0,1.3,True,7586.599999999999,2275.9799999999996,4,2,Tuesday,50+,Medium
2025-04-23,Север,Телефон,859.0,2,22.0,1.7,False,1718.0,515.4,4,2,Wednesday,18-25,Medium
2025-04-24,Восток,Монитор,988.85,6,61.0,4.1,True,5933.1,1779.93,4,2,Thursday,50+,Medium
2025-04-25,Восток,Планшет,1111.67,8,65.0,3.0,True,8893.36,2668.0080000000003,4,2,Friday,50+,Medium
2025-04-26,Юг,Ноутбук,1015.2,6,38.0,4.5,True,6091.200000000001,1827.3600000000001,4,2,Saturday,36-50,Medium
2025-04-27,Север,Телефон,1107.75,4,35.0,2.6,False,4431.0,1329.3,4,2,Sunday,26-35,Medium
2025-04-28,Юг,Ноутбук,815.87,4,52.0,2.1,False,3263.48,979.044,4,2,Monday,50+,Medium
2025-04-29,Север,Планшет,1033.87,4,37.0,2.4,True,4135.48,1240.6439999999998,4,2,Tuesday,36-50,Medium
2025-04-30,Юг,Планшет,717.26,1,32.0,3.9,False,717.26,215.178,4,2,Wednesday,26-35,Low
2025-05-01,Запад,Планшет,977.75,6,22.0,3.2,True,5866.5,1759.95,5,2,Thursday,18-25,Medium
2025-05-02,Восток,Ноутбук,819.22,8,30.0,4.6,False,6553.76,1966.128,5,2,Friday,26-35,Medium
2025-05-03,Север,Ноутбук,852.89,7,68.0,3.4,False,5970.23,1791.0689999999997,5,2,Saturday,50+,Medium
2025-05-04,Север,Ноутбук,1247.22,7,29.0,3.0,False,8730.54,2619.1620000000003,5,2,Sunday,26-35,High
2025-05-05,Восток,Ноутбук,1218.26,6,38.0,4.1,False,7309.5599999999995,2192.868,5,2,Monday,36-50,High
2025-05-06,Север,Планшет,1121.83,6,54.0,4.8,True,6730.98,2019.2939999999999,5,2,Tuesday,50+,Medium
2025-05-07,Север,Планшет,781.54,4,23.0,2.4,False,3126.16,937.848,5,2,Wednesday,18-25,Low
2025-05-08,Юг,Телефон,936.72,3,24.0,2.0,False,2810.16,843.0479999999999,5,2,Thursday,18-25,Medium
2025-05-09,Север,Телефон,1242.62,6,43.0,3.5,False,7455.719999999999,2236.716,5,2,Friday,36-50,High
2025-05-10,Запад,Ноутбук,1028.34,3,59.0,3.0,True,3085.0199999999995,925.5059999999999,5,2,Saturday,50+,Medium
2025-05-11,Запад,Монитор,1463.87,10,65.0,5.0,False,14638.699999999999,4391.61,5,2,Sunday,50+,High
2025-05-12,Восток,Монитор,1078.66,5,25.0,2.8,False,5393.3,1617.99,5,2,Monday,18-25,Medium
2025-05-13,Север,Планшет,1038.41,6,26.0,1.3,False,6230.460000000001,1869.1380000000001,5,2,Tuesday,26-35,Medium
2025-05-14,Восток,Планшет,938.18,6,44.0,4.9,True,5629.08,1688.724,5,2,Wednesday,36-50,Medium
2025-05-15,Запад,Планшет,1026.71,4,21.0,4.4,False,4106.84,1232.052,5,2,Thursday,18-25,Medium
2025-05-16,Север,Телефон,969.51,6,38.0,1.7,False,5817.0599999999995,1745.1179999999997,5,2,Friday,36-50,Medium
2025-05-17,Север,Телефон,1141.62,5,48.0,4.6,False,5708.099999999999,1712.4299999999998,5,2,Saturday,36-50,Medium
2025-05-18,Восток,Планшет,1191.34,3,38.0,2.4,True,3574.0199999999995,1072.206,5,2,Sunday,36-50,Medium
2025-05-19,Запад,Планшет,842.8,2,57.0,2.5,False,1685.6,505.67999999999995,5,2,Monday,50+,Medium
2025-05-20,Север,Планшет,733.75,3,42.0,4.6,False,2201.25,660.375,5,2,Tuesday,36-50,Low
2025-05-21,Восток,Монитор,632.76,2,56.0,3.1,False,1265.52,379.656,5,2,Wednesday,50+,Low
2025-05-22,Запад,Телефон,1101.6,8,32.0,1.6,True,8812.8,2643.8399999999997,5,2,Thursday,26-35,Medium
2025-05-23,Восток,Монитор,779.33,7,52.0,2.5,True,5455.31,1636.593,5,2,Friday,50+,Low
2025-05-24,Юг,Монитор,569.42,4,66.0,3.9,False,2277.68,683.304,5,2,Saturday,50+,Low
2025-05-25,Север,Планшет,1077.72,3,60.0,1.7,False,3233.16,969.9479999999999,5,2,Sunday,50+,Medium
2025-05-26,Юг,Планшет,1498.6,3,58.0,3.4,False,4495.799999999999,1348.7399999999998,5,2,Monday,50+,High
2025-05-27,Запад,Ноутбук,998.79,6,54.0,3.8,True,5992.74,1797.822,5,2,Tuesday,50+,Medium
2025-05-28,Юг,Ноутбук,1167.7,5,59.0,2.4,False,5838.5,1751.55,5,2,Wednesday,50+,Medium
2025-05-29,Юг,Монитор,1016.37,1,64.0,3.8,False,1016.37,304.911,5,2,Thursday,50+,Medium
2025-05-30,Запад,Телефон,980.22,8,45.0,4.5,False,7841.76,2352.528,5,2,Friday,36-50,Medium
2025-05-31,Восток,Планшет,1183.82,9,31.0,2.9,False,10654.38,3196.314,5,2,Saturday,26-35,Medium
2025-06-01,Юг,Планшет,941.95,4,21.0,2.5,False,3767.8,1130.34,6,2,Sunday,18-25,Medium
2025-06-02,Восток,Монитор,1053.48,7,37.0,2.0,False,7374.360000000001,2212.308,6,2,Monday,36-50,Medium
2025-06-03,Юг,Ноутбук,1064.34,3,51.0,3.4,False,3193.0199999999995,957.9059999999998,6,2,Tuesday,50+,Medium
2025-06-04,Восток,Телефон,866.38,7,29.0,4.5,True,6064.66,1819.398,6,2,Wednesday,26-35,Medium
2025-06-05,Запад,Ноутбук,1198.41,5,50.0,2.3,True,5992.05,1797.615,6,2,Thursday,36-50,Medium
2025-06-06,Юг,Ноутбук,965.01,6,41.0,2.6,False,5790.0599999999995,1737.0179999999998,6,2,Friday,36-50,Medium
2025-06-07,Запад,Ноутбук,848.85,8,37.0,2.6,False,6790.8,2037.24,6,2,Saturday,36-50,Medium
2025-06-08,Юг,Ноутбук,1107.3,2,22.0,3.2,True,2214.6,664.38,6,2,Sunday,18-25,Medium
2025-06-09,Запад,Планшет,820.31,4,55.0,1.9,True,3281.24,984.3719999999998,6,2,Monday,50+,Medium
2025-06-10,Запад,Планшет,1005.64,9,47.0,4.3,False,9050.76,2715.228,6,2,Tuesday,36-50,Medium
2025-06-11,Юг,Ноутбук,998.18,4,41.0,2.2,False,3992.72,1197.8159999999998,6,2,Wednesday,36-50,Medium
2025-06-12,Юг,Телефон,1217.18,4,60.0,3.8,False,4868.72,1460.616,6,2,Thursday,50+,High
2025-06-13,Юг,Монитор,1094.94,3,57.0,3.1,False,3284.82,985.446,6,2,Friday,50+,Medium
2025-06-14,Север,Телефон,994.99,4,24.0,3.3,False,3979.96,1193.988,6,2,Saturday,18-25,Medium
2025-06-15,Восток,Телефон,1163.55,4,53.0,1.7,False,4654.2,1396.26,6,2,Sunday,50+,Medium
2025-06-16,Север,Телефон,1278.04,6,55.0,3.9,True,7668.24,2300.4719999999998,6,2,Monday,50+,High
2025-06-17,Север,Ноутбук,1111.56,7,33.0,1.8,False,7780.92,2334.276,6,2,Tuesday,26-35,Medium
2025-06-18,Запад,Планшет,1002.07,3,69.0,1.5,False,3006.21,901.8629999999999,6,2,Wednesday,50+,Medium
2025-06-19,Юг,Телефон,737.63,6,32.0,3.2,True,4425.78,1327.734,6,2,Thursday,26-35,Low
2025-06-20,Восток,Ноутбук,786.98,8,63.0,3.8,False,6295.84,1888.752,6,2,Friday,50+,Low
2025-06-21,Запад,Телефон,938.96,7,40.0,1.2,False,6572.72,1971.816,6,2,Saturday,36-50,Medium
2025-06-22,Север,Телефон,878.1,3,29.0,1.3,False,2634.3,790.2900000000001,6,2,Sunday,26-35,Medium
2025-06-23,Юг,Ноутбук,962.61,4,46.0,4.2,False,3850.44,1155.132,6,2,Monday,36-50,Medium
2025-06-24,Запад,Планшет,1011.33,6,61.0,4.2,False,6067.9800000000005,1820.394,6,2,Tuesday,50+,Medium
2025-06-25,Юг,Планшет,1105.94,8,65.0,2.0,False,8847.52,2654.256,6,2,Wednesday,50+,Medium
2025-06-26,Запад,Монитор,985.9,3,32.0,3.5,False,2957.7,887.31,6,2,Thursday,26-35,Medium
2025-06-27,Юг,Ноутбук,1097.3,4,46.0,2.8,True,4389.2,1316.76,6,2,Friday,36-50,Medium
2025-06-28,Север,Монитор,1012.89,3,62.0,3.5,False,3038.67,911.601,6,2,Saturday,50+,Medium
2025-06-29,Восток,Монитор,604.91,8,60.0,4.5,False,4839.28,1451.7839999999999,6,2,Sunday,50+,Low
2025-06-30,Север,Монитор,812.13,1,66.0,1.3,True,812.13,243.63899999999998,6,2,Monday,50+,Medium
2025-07-01,Восток,Планшет,971.18,3,38.0,4.1,True,2913.54,874.062,7,3,Tuesday,36-50,Medium
2025-07-02,Юг,Ноутбук,758.06,7,32.0,3.0,False,5306.42,1591.926,7,3,Wednesday,26-35,Low
2025-07-03,Запад,Монитор,1119.99,5,31.0,3.3,False,5599.95,1679.985,7,3,Thursday,26-35,Medium
2025-07-04,Север,Ноутбук,1306.15,9,59.0,3.6,True,11755.35,3526.605,7,3,Friday,50+,High
2025-07-05,Восток,Ноутбук,1243.75,5,61.0,4.7,True,6218.75,1865.625,7,3,Saturday,50+,High
2025-07-06,Север,Планшет,957.31,4,33.0,1.2,False,3829.24,1148.772,7,3,Sunday,26-35,Medium
2025-07-07,Восток,Монитор,1298.15,5,32.0,1.1,True,6490.75,1947.225,7,3,Monday,26-35,High
2025-07-08,Север,Монитор,1029.73,7,59.0,1.7,False,7208.110000000001,2162.433,7,3,Tuesday,50+,Medium
2025-07-09,Восток,Ноутбук,932.58,3,21.0,4.9,False,2797.7400000000002,839.322,7,3,Wednesday,18-25,Medium
2025-07-10,Восток,Телефон,877.32,6,44.0,3.9,False,5263.92,1579.176,7,3,Thursday,36-50,Medium
2025-07-11,Юг,Планшет,939.51,7,40.0,3.5,False,6576.57,1972.9709999999998,7,3,Friday,36-50,Medium
2025-07-12,Восток,Планшет,922.36,4,46.0,1.2,True,3689.44,1106.8319999999999,7,3,Saturday,36-50,Medium
2025-07-13,Юг,Планшет,1034.08,4,58.0,4.5,False,4136.32,1240.896,7,3,Sunday,50+,Medium
2025-07-14,Восток,Планшет,1032.11,4,69.0,4.3,True,4128.44,1238.532,7,3,Monday,50+,Medium
2025-07-15,Запад,Монитор,1000.61,3,26.0,3.7,False,3001.83,900.549,7,3,Tuesday,26-35,Medium
2025-07-16,Запад,Монитор,1087.39,4,69.0,2.4,False,4349.56,1304.8680000000002,7,3,Wednesday,50+,Medium
2025-07-17,Запад,Телефон,1238.13,2,60.0,1.3,True,2476.26,742.878,7,3,Thursday,50+,High
2025-07-18,Восток,Планшет,1189.91,7,60.0,3.3,False,8329.37,2498.811,7,3,Friday,50+,Medium
2025-07-19,Юг,Планшет,703.02,6,24.0,3.9,False,4218.12,1265.436,7,3,Saturday,18-25,Low
2025-07-20,Юг,Ноутбук,489.22,7,59.0,1.4,False,3424.54,1027.3619999999999,7,3,Sunday,50+,Low
2025-07-21,Восток,Монитор,1186.86,5,21.0,3.5,False,5934.299999999999,1780.2899999999997,7,3,Monday,18-25,Medium
2025-07-22,Запад,Планшет,726.62,4,22.0,2.1,False,2906.48,871.944,7,3,Tuesday,18-25,Low
2025-07-23,Запад,Телефон,955.05,5,22.0,4.1,False,4775.25,1432.575,7,3,Wednesday,18-25,Medium
2025-07-24,Юг,Телефон,765.98,4,28.0,3.2,False,3063.92,919.176,7,3,Thursday,26-35,Low
2025-07-25,Запад,Монитор,639.6,7,58.0,1.5,False,4477.2,1343.1599999999999,7,3,Friday,50+,Low
2025-07-26,Север,Телефон,1108.29,5,45.0,3.1,False,5541.45,1662.435,7,3,Saturday,36-50,Medium
2025-07-27,Юг,Телефон,1151.83,6,33.0,2.6,True,6910.98,2073.294,7,3,Sunday,26-35,Medium
2025-07-28,Запад,Монитор,884.7,5,58.0,1.7,False,4423.5,1327.05,7,3,Monday,50+,Medium
2025-07-29,Юг,Планшет,481.79,2,47.0,4.4,False,963.58,289.074,7,3,Tuesday,36-50,Low
2025-07-30,Север,Планшет,890.75,4,21.0,1.0,False,3563.0,1068.8999999999999,7,3,Wednesday,18-25,Medium
2025-07-31,Юг,Телефон,1078.36,4,19.0,2.2,False,4313.44,1294.032,7,3,Thursday,18-25,Medium
2025-08-01,Юг,Телефон,704.22,6,63.0,1.1,False,4225.32,1267.5959999999998,8,3,Friday,50+,Low
2025-08-02,Юг,Планшет,1036.67,11,20.0,1.4,False,11403.37,3421.011,8,3,Saturday,18-25,Medium
2025-08-03,Юг,Монитор,996.94,6,67.0,2.2,False,5981.64,1794.492,8,3,Sunday,50+,Medium
2025-08-04,Север,Телефон,1115.86,8,38.0,1.2,True,8926.88,2678.064,8,3,Monday,36-50,Medium
2025-08-05,Восток,Ноутбук,1023.92,5,23.0,3.4,True,5119.599999999999,1535.8799999999999,8,3,Tuesday,18-25,Medium
2025-08-06,Юг,Монитор,805.39,3,60.0,1.3,False,2416.17,724.851,8,3,Wednesday,50+,Medium
2025-08-07,Юг,Телефон,1239.31,5,35.0,3.8,False,6196.549999999999,1858.9649999999997,8,3,Thursday,26-35,High
2025-08-08,Запад,Телефон,968.29,1,61.0,1.2,False,968.29,290.48699999999997,8,3,Friday,50+,Medium
2025-08-09,Юг,Ноутбук,994.54,8,22.0,1.2,True,7956.32,2386.8959999999997,8,3,Saturday,18-25,Medium
2025-08-10,Запад,Ноутбук,813.35,6,26.0,2.2,True,4880.1,1464.03,8,3,Sunday,26-35,Medium
2025-08-11,Восток,Планшет,911.34,4,37.0,4.6,True,3645.36,1093.608,8,3,Monday,36-50,Medium
2025-08-12,Север,Монитор,823.04,7,45.0,3.6,False,5761.28,1728.3839999999998,8,3,Tuesday,36-50,Medium
2025-08-13,Север,Монитор,965.41,1,43.0,4.1,False,965.41,289.623,8,3,Wednesday,36-50,Medium
2025-08-14,Восток,Планшет,1342.34,7,35.0,1.6,True,9396.38,2818.9139999999998,8,3,Thursday,26-35,High
2025-08-15,Север,Монитор,725.62,3,36.0,4.3,False,2176.86,653.058,8,3,Friday,36-50,Low
2025-08-16,Восток,Монитор,677.29,9,20.0,1.0,False,6095.61,1828.6829999999998,8,3,Saturday,18-25,Low
2025-08-17,Восток,Монитор,1294.23,4,26.0,1.9,True,5176.92,1553.076,8,3,Sunday,26-35,High
2025-08-18,Восток,Монитор,958.14,2,53.0,3.5,False,1916.28,574.884,8,3,Monday,50+,Medium
2025-08-19,Север,Монитор,866.19,4,48.0,2.5,False,3464.76,1039.428,8,3,Tuesday,36-50,Medium
2025-08-20,Запад,Ноутбук,1207.98,6,66.0,4.9,True,7247.88,2174.364,8,3,Wednesday,50+,High
2025-08-21,Восток,Монитор,878.88,2,34.0,1.1,True,1757.76,527.328,8,3,Thursday,26-35,Medium
2025-08-22,Юг,Ноутбук,1365.2,1,40.0,5.0,False,1365.2,409.56,8,3,Friday,36-50,High
2025-08-23,Север,Монитор,1135.59,7,51.0,3.5,False,7949.129999999999,2384.7389999999996,8,3,Saturday,50+,Medium
2025-08-24,Восток,Планшет,902.42,7,58.0,3.2,False,6316.94,1895.0819999999999,8,3,Sunday,50+,Medium
2025-08-25,Восток,Телефон,1431.46,6,58.0,1.2,False,8588.76,2576.628,8,3,Monday,50+,High
2025-08-26,Юг,Ноутбук,878.86,8,22.0,2.1,True,7030.88,2109.264,8,3,Tuesday,18-25,Medium
2025-08-27,Запад,Монитор,1148.42,7,32.0,4.7,False,8038.9400000000005,2411.6820000000002,8,3,Wednesday,26-35,Medium
2025-08-28,Запад,Планшет,1059.86,5,64.0,2.4,False,5299.299999999999,1589.7899999999997,8,3,Thursday,50+,Medium
2025-08-29,Запад,Телефон,1260.35,6,20.0,3.6,False,7562.099999999999,2268.6299999999997,8,3,Friday,18-25,High
2025-08-30,Восток,Ноутбук,1312.3,6,36.0,5.0,False,7873.799999999999,2362.14,8,3,Saturday,36-50,High
2025-08-31,Восток,Телефон,1006.4,7,45.0,2.1,False,7044.8,2113.44,8,3,Sunday,36-50,Medium
2025-09-01,Восток,Планшет,849.32,6,20.0,3.3,False,5095.92,1528.776,9,3,Monday,18-25,Medium
2025-09-02,Север,Ноутбук,1091.99,3,55.0,3.8,False,3275.9700000000003,982.791,9,3,Tuesday,50+,Medium
2025-09-03,Юг,Телефон,864.46,3,21.0,1.7,False,2593.38,778.014,9,3,Wednesday,18-25,Medium
2025-09-04,Восток,Монитор,1402.68,1,41.0,1.6,True,1402.68,420.80400000000003,9,3,Thursday,36-50,High
2025-09-05,Юг,Ноутбук,1027.31,5,48.0,2.8,False,5136.549999999999,1540.9649999999997,9,3,Friday,36-50,Medium
2025-09-06,Юг,Телефон,926.94,3,62.0,2.5,False,2780.82,834.246,9,3,Saturday,50+,Medium
2025-09-07,Запад,Планшет,1036.94,9,62.0,3.9,False,9332.460000000001,2799.7380000000003,9,3,Sunday,50+,Medium
2025-09-08,Север,Планшет,730.57,8,28.0,1.3,False,5844.56,1753.3680000000002,9,3,Monday,26-35,Low
2025-09-09,Восток,Ноутбук,805.68,4,54.0,4.9,True,3222.72,966.8159999999999,9,3,Tuesday,50+,Medium
2025-09-10,Запад,Телефон,1240.08,2,18.0,1.1,True,2480.16,744.0479999999999,9,3,Wednesday,18-25,High
2025-09-11,Запад,Ноутбук,868.62,3,26.0,3.4,True,2605.86,781.758,9,3,Thursday,26-35,Medium
2025-09-12,Восток,Ноутбук,790.62,2,34.0,3.3,False,1581.24,474.37199999999996,9,3,Friday,26-35,Low
2025-09-13,Юг,Телефон,1107.33,4,18.0,1.5,False,4429.32,1328.7959999999998,9,3,Saturday,18-25,Medium
2025-09-14,Запад,Телефон,1237.14,4,20.0,1.6,True,4948.56,1484.568,9,3,Sunday,18-25,High
2025-09-15,Юг,Монитор,1143.79,5,64.0,4.2,True,5718.95,1715.685,9,3,Monday,50+,Medium
2025-09-16,Север,Телефон,1199.21,8,43.0,4.6,False,9593.68,2878.104,9,3,Tuesday,36-50,Medium
2025-09-17,Юг,Планшет,848.64,6,48.0,2.1,True,5091.84,1527.552,9,3,Wednesday,36-50,Medium
2025-09-18,Север,Ноутбук,715.64,3,43.0,2.8,False,2146.92,644.076,9,3,Thursday,36-50,Low
2025-09-19,Юг,Ноутбук,1300.27,5,40.0,2.4,False,6501.35,1950.405,9,3,Friday,36-50,High
2025-09-20,Запад,Планшет,935.46,6,47.0,1.3,True,5612.76,1683.828,9,3,Saturday,36-50,Medium
2025-09-21,Запад,Телефон,949.83,3,27.0,3.7,True,2849.4900000000002,854.8470000000001,9,3,Sunday,26-35,Medium
2025-09-22,Север,Планшет,1265.64,8,25.0,4.3,True,10125.12,3037.536,9,3,Monday,18-25,High
2025-09-23,Восток,Планшет,1111.25,8,61.0,2.2,False,8890.0,2667.0,9,3,Tuesday,50+,Medium
2025-09-24,Север,Монитор,1091.18,5,42.0,5.0,True,5455.900000000001,1636.7700000000002,9,3,Wednesday,36-50,Medium
2025-09-25,Север,Планшет,1433.0,4,39.0,1.3,False,5732.0,1719.6,9,3,Thursday,36-50,High
2025-09-26,Юг,Ноутбук,871.3,2,32.0,3.6,False,1742.6,522.78,9,3,Friday,26-35,Medium
2025-09-27,Юг,Планшет,1185.57,6,58.0,2.8,True,7113.42,2134.026,9,3,Saturday,50+,Medium
2025-09-28,Север,Ноутбук,1011.4,5,27.0,2.8,True,5057.0,1517.1,9,3,Sunday,26-35,Medium
2025-09-29,Запад,Ноутбук,1053.72,6,37.0,2.8,False,6322.32,1896.696,9,3,Monday,36-50,Medium
2025-09-30,Юг,Ноутбук,1305.69,7,58.0,2.0,False,9139.83,2741.949,9,3,Tuesday,50+,High
2025-10-01,Восток,Телефон,1101.57,3,64.0,3.9,False,3304.71,991.413,10,4,Wednesday,50+,Medium
2025-10-02,Юг,Монитор,1107.66,9,40.0,3.9,True,9968.94,2990.6820000000002,10,4,Thursday,36-50,Medium
2025-10-03,Юг,Ноутбук,1214.5,2,18.0,2.1,True,2429.0,728.6999999999999,10,4,Friday,18-25,High
2025-10-04,Восток,Ноутбук,927.01,0,19.0,4.3,True,0.0,0.0,10,4,Saturday,18-25,Medium
2025-10-05,Север,Телефон,832.16,6,36.0,2.3,False,4992.96,1497.888,10,4,Sunday,36-50,Medium
2025-10-06,Восток,Ноутбук,791.04,4,31.0,3.9,False,3164.16,949.2479999999999,10,4,Monday,26-35,Low
2025-10-07,Север,Планшет,606.73,6,25.0,1.5,False,3640.38,1092.114,10,4,Tuesday,18-25,Low
2025-10-08,Север,Планшет,1411.24,4,55.0,1.7,False,5644.96,1693.488,10,4,Wednesday,50+,High
2025-10-09,Север,Монитор,779.36,5,29.0,2.3,True,3896.8,1169.04,10,4,Thursday,26-35,Low
2025-10-10,Восток,Ноутбук,955.75,2,43.0,3.4,False,1911.5,573.4499999999999,10,4,Friday,36-50,Medium
2025-10-11,Север,Телефон,944.64,5,44.0,3.6,False,4723.2,1416.9599999999998,10,4,Saturday,36-50,Medium
2025-10-12,Запад,Планшет,1061.48,4,46.0,2.6,False,4245.92,1273.776,10,4,Sunday,36-50,Medium
2025-10-13,Восток,Телефон,1163.15,3,32.0,1.3,False,3489.4500000000003,1046.835,10,4,Monday,26-35,Medium
2025-10-14,Запад,Телефон,1172.09,5,63.0,2.5,False,5860.45,1758.135,10,4,Tuesday,50+,Medium
2025-10-15,Север,Планшет,883.38,3,18.0,3.8,False,2650.14,795.0419999999999,10,4,Wednesday,18-25,Medium
2025-10-16,Юг,Телефон,966.58,3,60.0,3.7,False,2899.7400000000002,869.922,10,4,Thursday,50+,Medium
2025-10-17,Север,Планшет,1056.52,4,45.0,1.6,True,4226.08,1267.8239999999998,10,4,Friday,36-50,Medium
2025-10-18,Запад,Телефон,950.26,8,20.0,1.0,False,7602.08,2280.624,10,4,Saturday,18-25,Medium
2025-10-19,Запад,Планшет,1321.47,5,68.0,4.0,True,6607.35,1982.205,10,4,Sunday,50+,High
2025-10-20,Восток,Ноутбук,1098.19,4,35.0,1.4,False,4392.76,1317.828,10,4,Monday,26-35,Medium
2025-10-21,Юг,Монитор,1146.98,4,69.0,1.3,True,4587.92,1376.376,10,4,Tuesday,50+,Medium
2025-10-22,Восток,Планшет,1132.58,4,51.0,1.0,False,4530.32,1359.0959999999998,10,4,Wednesday,50+,Medium
2025-10-23,Запад,Планшет,1234.69,4,49.0,2.7,False,4938.76,1481.628,10,4,Thursday,36-50,High
2025-10-24,Север,Монитор,1036.2,7,46.0,3.0,False,7253.400000000001,2176.02,10,4,Friday,36-50,Medium
2025-10-25,Юг,Планшет,740.63,8,42.0,3.6,True,5925.04,1777.512,10,4,Saturday,36-50,Low
2025-10-26,Север,Планшет,1079.94,7,43.0,2.2,True,7559.58,2267.874,10,4,Sunday,36-50,Medium
2025-10-27,Север,Телефон,869.73,3,56.0,3.8,False,2609.19,782.757,10,4,Monday,50+,Medium
2025-10-28,Юг,Монитор,894.28,6,25.0,1.7,False,5365.68,1609.704,10,4,Tuesday,18-25,Medium
2025-10-29,Восток,Ноутбук,1117.27,6,36.0,4.3,False,6703.62,2011.0859999999998,10,4,Wednesday,36-50,Medium
2025-10-30,Север,Планшет,1247.66,4,64.0,3.3,False,4990.64,1497.192,10,4,Thursday,50+,High
2025-10-31,Запад,Монитор,1004.25,6,59.0,3.3,False,6025.5,1807.6499999999999,10,4,Friday,50+,Medium
2025-11-01,Север,Телефон,1061.77,9,39.0,1.8,False,9555.93,2866.779,11,4,Saturday,36-50,Medium
2025-11-02,Юг,Ноутбук,1340.44,6,46.0,1.3,False,8042.64,2412.792,11,4,Sunday,36-50,High
2025-11-03,Юг,Монитор,1048.15,4,50.0,2.9,False,4192.6,1257.78,11,4,Monday,36-50,Medium
2025-11-04,Юг,Ноутбук,1520.34,6,55.0,3.5,False,9122.039999999999,2736.6119999999996,11,4,Tuesday,50+,High
2025-11-05,Восток,Ноутбук,1113.1,7,62.0,1.4,True,7791.699999999999,2337.5099999999998,11,4,Wednesday,50+,Medium
2025-11-06,Север,Ноутбук,647.85,4,63.0,4.8,True,2591.4,777.42,11,4,Thursday,50+,Low
2025-11-07,Восток,Планшет,1150.67,3,52.0,4.9,False,3452.01,1035.603,11,4,Friday,50+,Medium
2025-11-08,Восток,Планшет,1076.23,4,60.0,3.2,True,4304.92,1291.4759999999999,11,4,Saturday,50+,Medium
2025-11-09,Юг,Телефон,1257.95,5,20.0,4.8,False,6289.75,1886.925,11,4,Sunday,18-25,High
2025-11-10,Юг,Телефон,1134.64,3,36.0,1.7,False,3403.92,1021.1759999999999,11,4,Monday,36-50,Medium
2025-11-11,Восток,Монитор,972.31,5,27.0,1.1,False,4861.549999999999,1458.4649999999997,11,4,Tuesday,26-35,Medium
2025-11-12,Север,Телефон,755.14,3,44.0,1.2,False,2265.42,679.626,11,4,Wednesday,36-50,Low
2025-11-13,Запад,Ноутбук,958.2,5,32.0,3.4,True,4791.0,1437.3,11,4,Thursday,26-35,Medium
2025-11-14,Восток,Ноутбук,829.9,5,28.0,1.2,True,4149.5,1244.85,11,4,Friday,26-35,Medium
2025-11-15,Север,Планшет,883.9,5,64.0,4.8,False,4419.5,1325.85,11,4,Saturday,50+,Medium
2025-11-16,Юг,Ноутбук,1117.72,6,43.0,1.6,True,6706.32,2011.8959999999997,11,4,Sunday,36-50,Medium
2025-11-17,Юг,Монитор,1333.98,6,41.0,2.2,False,8003.88,2401.1639999999998,11,4,Monday,36-50,High
2025-11-18,Север,Ноутбук,1078.93,6,30.0,4.3,False,6473.58,1942.0739999999998,11,4,Tuesday,26-35,Medium
2025-11-19,Запад,Ноутбук,760.82,5,49.0,1.9,False,3804.1000000000004,1141.23,11,4,Wednesday,36-50,Low
2025-11-20,Юг,Монитор,1088.92,7,54.0,2.0,False,7622.4400000000005,2286.732,11,4,Thursday,50+,Medium
2025-11-21,Юг,Телефон,1239.33,3,21.0,3.6,False,3717.99,1115.397,11,4,Friday,18-25,High
2025-11-22,Юг,Телефон,878.04,5,30.0,2.1,False,4390.2,1317.06,11,4,Saturday,26-35,Medium
2025-11-23,Север,Монитор,973.2,7,26.0,1.9,True,6812.400000000001,2043.72,11,4,Sunday,26-35,Medium
2025-11-24,Восток,Планшет,1002.94,2,66.0,2.0,False,2005.88,601.764,11,4,Monday,50+,Medium
2025-11-25,Юг,Ноутбук,843.02,8,51.0,3.0,False,6744.16,2023.2479999999998,11,4,Tuesday,50+,Medium
2025-11-26,Восток,Монитор,1129.66,4,54.0,4.9,False,4518.64,1355.592,11,4,Wednesday,50+,Medium
2025-11-27,Запад,Ноутбук,975.81,2,65.0,4.3,True,1951.62,585.486,11,4,Thursday,50+,Medium
2025-11-28,Юг,Планшет,1083.91,5,24.0,2.1,True,5419.55,1625.865,11,4,Friday,18-25,Medium
2025-11-29,Юг,Ноутбук,822.5,5,18.0,2.5,False,4112.5,1233.75,11,4,Saturday,18-25,Medium
2025-11-30,Запад,Монитор,912.51,4,29.0,2.9,False,3650.04,1095.012,11,4,Sunday,26-35,Medium
2025-12-01,Юг,Ноутбук,1144.48,6,38.0,4.9,False,6866.88,2060.064,12,4,Monday,36-50,Medium
2025-12-02,Восток,Телефон,925.43,8,28.0,1.7,False,7403.44,2221.0319999999997,12,4,Tuesday,26-35,Medium
2025-12-03,Север,Планшет,1345.39,4,61.0,2.4,False,5381.56,1614.468,12,4,Wednesday,50+,High
2025-12-04,Восток,Планшет,920.07,3,68.0,3.9,True,2760.21,828.063,12,4,Thursday,50+,Medium
2025-12-05,Север,Планшет,1044.94,6,61.0,4.9,False,6269.64,1880.892,12,4,Friday,50+,Medium
2025-12-06,Север,Монитор,1186.52,4,61.0,1.6,False,4746.08,1423.8239999999998,12,4,Saturday,50+,Medium
2025-12-07,Восток,Планшет,716.33,2,31.0,1.9,False,1432.66,429.798,12,4,Sunday,26-35,Low
2025-12-08,Восток,Телефон,647.84,3,51.0,1.9,False,1943.52,583.0559999999999,12,4,Monday,50+,Low
2025-12-09,Восток,Монитор,694.87,1,51.0,1.1,False,694.87,208.46099999999998,12,4,Tuesday,50+,Low
2025-12-10,Восток,Телефон,1252.52,9,42.0,3.4,False,11272.68,3381.804,12,4,Wednesday,36-50,High
2025-12-11,Запад,Ноутбук,889.63,5,21.0,3.7,True,4448.15,1334.445,12,4,Thursday,18-25,Medium
2025-12-12,Юг,Ноутбук,1511.64,3,69.0,3.4,False,4534.92,1360.4759999999999,12,4,Friday,50+,High
2025-12-13,Север,Ноутбук,887.15,4,43.0,1.3,False,3548.6,1064.58,12,4,Saturday,36-50,Medium
2025-12-14,Восток,Ноутбук,1036.91,3,33.0,1.3,False,3110.7300000000005,933.219,12,4,Sunday,26-35,Medium
2025-12-15,Восток,Телефон,1308.42,4,27.0,1.8,False,5233.68,1570.104,12,4,Monday,26-35,High
2025-12-16,Восток,Монитор,1401.22,6,62.0,2.2,True,8407.32,2522.196,12,4,Tuesday,50+,High
2025-12-17,Запад,Монитор,1412.3,4,19.0,4.1,True,5649.2,1694.76,12,4,Wednesday,18-25,High
2025-12-18,Восток,Планшет,1241.67,2,52.0,1.6,False,2483.34,745.0020000000001,12,4,Thursday,50+,High
2025-12-19,Восток,Телефон,1204.81,6,36.0,1.2,False,7228.86,2168.658,12,4,Friday,36-50,High
2025-12-20,Восток,Ноутбук,1118.51,3,23.0,2.6,False,3355.5299999999997,1006.6589999999999,12,4,Saturday,18-25,Medium
2025-12-21,Юг,Телефон,1155.67,6,36.0,2.7,False,6934.02,2080.206,12,4,Sunday,36-50,Medium
2025-12-22,Запад,Планшет,889.76,2,69.0,2.8,False,1779.52,533.856,12,4,Monday,50+,Medium
2025-12-23,Восток,Планшет,836.36,8,68.0,4.3,True,6690.88,2007.264,12,4,Tuesday,50+,Medium
2025-12-24,Север,Телефон,999.33,3,25.0,1.4,False,2997.9900000000002,899.397,12,4,Wednesday,18-25,Medium
2025-12-25,Север,Телефон,965.96,6,31.0,3.8,False,5795.76,1738.728,12,4,Thursday,26-35,Medium
2025-12-26,Север,Телефон,909.35,4,27.0,2.4,False,3637.4,1091.22,12,4,Friday,26-35,Medium
2025-12-27,Запад,Монитор,1139.28,5,20.0,2.2,True,5696.4,1708.9199999999998,12,4,Saturday,18-25,Medium
2025-12-28,Запад,Ноутбук,1191.06,6,55.0,4.7,False,7146.36,2143.908,12,4,Sunday,50+,Medium
2025-12-29,Север,Телефон,1017.68,1,46.0,2.0,True,1017.68,305.304,12,4,Monday,36-50,Medium
2025-12-30,Восток,Телефон,1295.51,5,32.0,3.6,False,6477.55,1943.2649999999999,12,4,Tuesday,26-35,High
2025-12-31,Запад,Телефон,771.66,7,40.0,2.1,False,5401.62,1620.4859999999999,12,4,Wednesday,36-50,Low
2026-01-01,Север,Планшет,961.27,6,40.0,3.0,True,5767.62,1730.2859999999998,1,1,Thursday,36-50,Medium
2026-01-02,Север,Планшет,856.64,6,35.0,4.1,False,5139.84,1541.952,1,1,Friday,26-35,Medium
2026-01-03,Восток,Монитор,626.69,7,63.0,4.5,False,4386.83,1316.049,1,1,Saturday,50+,Low
2026-01-04,Юг,Ноутбук,983.46,4,36.0,4.4,True,3933.84,1180.152,1,1,Sunday,36-50,Medium
2026-01-05,Запад,Монитор,975.65,3,45.0,3.3,True,2926.95,878.0849999999999,1,1,Monday,36-50,Medium
2026-01-06,Восток,Ноутбук,1302.69,8,43.0,2.0,False,10421.52,3126.456,1,1,Tuesday,36-50,High
2026-01-07,Север,Планшет,1126.16,4,27.0,3.6,False,4504.64,1351.392,1,1,Wednesday,26-35,Medium
2026-01-08,Север,Планшет,795.16,5,64.0,3.8,False,3975.7999999999997,1192.7399999999998,1,1,Thursday,50+,Low
2026-01-09,Восток,Планшет,1370.82,5,21.0,1.0,False,6854.099999999999,2056.2299999999996,1,1,Friday,18-25,High
2026-01-10,Запад,Монитор,1244.21,3,19.0,2.8,False,3732.63,1119.789,1,1,Saturday,18-25,High
2026-01-11,Юг,Телефон,1116.42,9,20.0,4.4,False,10047.78,3014.3340000000003,1,1,Sunday,18-25,Medium
2026-01-12,Юг,Телефон,954.7,8,24.0,3.0,False,7637.6,2291.28,1,1,Monday,18-25,Medium
2026-01-13,Север,Планшет,808.11,6,33.0,2.2,True,4848.66,1454.598,1,1,Tuesday,26-35,Medium
2026-01-14,Запад,Телефон,925.56,3,48.0,4.5,False,2776.68,833.0039999999999,1,1,Wednesday,36-50,Medium
2026-01-15,Юг,Телефон,1217.75,5,27.0,1.6,False,6088.75,1826.625,1,1,Thursday,26-35,High
2026-01-16,Запад,Монитор,1376.92,5,36.0,1.8,True,6884.6,2065.38,1,1,Friday,36-50,High
2026-01-17,Запад,Ноутбук,1308.65,5,45.0,3.7,True,6543.25,1962.975,1,1,Saturday,36-50,High
2026-01-18,Север,Планшет,902.23,3,34.0,2.4,True,2706.69,812.007,1,1,Sunday,26-35,Medium
2026-01-19,Юг,Планшет,776.08,7,45.0,3.9,False,5432.56,1629.768,1,1,Monday,36-50,Low
2026-01-20,Восток,Монитор,1028.18,3,36.0,1.6,False,3084.54,925.362,1,1,Tuesday,36-50,Medium
2026-01-21,Север,Монитор,646.31,0,54.0,2.0,False,0.0,0.0,1,1,Wednesday,50+,Low
2026-01-22,Юг,Телефон,1064.63,6,40.0,1.6,True,6387.780000000001,1916.334,1,1,Thursday,36-50,Medium
2026-01-23,Юг,Планшет,970.48,6,37.0,4.8,True,5822.88,1746.864,1,1,Friday,36-50,Medium
2026-01-24,Юг,Ноутбук,906.79,4,30.0,2.6,False,3627.16,1088.148,1,1,Saturday,26-35,Medium
2026-01-25,Юг,Монитор,681.06,5,30.0,2.3,False,3405.2999999999997,1021.5899999999999,1,1,Sunday,26-35,Low
2026-01-26,Юг,Ноутбук,1102.72,9,60.0,1.1,True,9924.48,2977.3439999999996,1,1,Monday,50+,Medium
2026-01-27,Запад,Ноутбук,893.46,5,28.0,1.6,False,4467.3,1340.19,1,1,Tuesday,26-35,Medium
2026-01-28,Север,Планшет,766.02,4,65.0,2.7,False,3064.08,919.2239999999999,1,1,Wednesday,50+,Low
2026-01-29,Запад,Планшет,425.55,3,32.0,1.3,True,1276.65,382.995,1,1,Thursday,26-35,Low
2026-01-30,Восток,Монитор,994.5,6,34.0,3.0,False,5967.0,1790.1,1,1,Friday,26-35,Medium
2026-01-31,Юг,Планшет,1354.45,2,67.0,2.8,True,2708.9,812.67,1,1,Saturday,50+,High
2026-02-01,Север,Планшет,1332.25,6,45.0,4.1,False,7993.5,2398.0499999999997,2,1,Sunday,36-50,High
2026-02-02,Юг,Планшет,908.58,6,36.0,3.6,False,5451.4800000000005,1635.4440000000002,2,1,Monday,36-50,Medium
2026-02-03,Север,Ноутбук,879.56,6,21.0,2.8,False,5277.36,1583.2079999999999,2,1,Tuesday,18-25,Medium
2026-02-04,Запад,Монитор,1093.75,5,39.0,1.9,False,5468.75,1640.625,2,1,Wednesday,36-50,Medium
2026-02-05,Север,Телефон,800.32,3,39.0,3.9,False,2400.96,720.288,2,1,Thursday,36-50,Medium
2026-02-06,Восток,Ноутбук,1060.36,4,54.0,3.8,False,4241.44,1272.4319999999998,2,1,Friday,50+,Medium
2026-02-07,Восток,Планшет,1153.22,4,56.0,1.6,True,4612.88,1383.864,2,1,Saturday,50+,Medium
2026-02-08,Север,Ноутбук,1245.39,5,51.0,4.7,False,6226.950000000001,1868.085,2,1,Sunday,50+,High
2026-02-09,Север,Планшет,979.97,4,50.0,1.3,True,3919.88,1175.964,2,1,Monday,36-50,Medium
2026-02-10,Север,Планшет,959.27,4,61.0,1.2,False,3837.08,1151.124,2,1,Tuesday,50+,Medium
2026-02-11,Север,Ноутбук,824.4,5,59.0,1.7,True,4122.0,1236.6,2,1,Wednesday,50+,Medium
2026-02-12,Восток,Монитор,834.62,5,57.0,4.6,False,4173.1,1251.93,2,1,Thursday,50+,Medium
2026-02-13,Юг,Планшет,954.7,5,50.0,3.1,True,4773.5,1432.05,2,1,Friday,36-50,Medium
2026-02-14,Север,Монитор,1073.47,7,29.0,4.2,False,7514.29,2254.287,2,1,Saturday,26-35,Medium
2026-02-15,Север,Телефон,1182.72,3,19.0,1.9,False,3548.16,1064.4479999999999,2,1,Sunday,18-25,Medium
2026-02-16,Восток,Планшет,839.36,2,45.0,3.0,False,1678.72,503.616,2,1,Monday,36-50,Medium
2026-02-17,Восток,Монитор,1298.54,4,27.0,2.4,False,5194.16,1558.2479999999998,2,1,Tuesday,26-35,High
2026-02-18,Запад,Монитор,945.78,4,39.0,4.3,False,3783.12,1134.936,2,1,Wednesday,36-50,Medium
2026-02-19,Север,Телефон,995.73,6,34.0,1.1,False,5974.38,1792.314,2,1,Thursday,26-35,Medium
2026-02-20,Запад,Монитор,850.56,3,43.0,2.0,True,2551.68,765.5039999999999,2,1,Friday,36-50,Medium
2026-02-21,Восток,Монитор,515.15,5,20.0,1.6,False,2575.75,772.725,2,1,Saturday,18-25,Low
2026-02-22,Восток,Телефон,1176.81,5,24.0,4.4,False,5884.049999999999,1765.2149999999997,2,1,Sunday,18-25,Medium
2026-02-23,Юг,Планшет,1147.37,5,61.0,2.9,False,5736.849999999999,1721.0549999999998,2,1,Monday,50+,Medium
2026-02-24,Север,Монитор,943.73,5,25.0,2.6,True,4718.65,1415.5949999999998,2,1,Tuesday,18-25,Medium
2026-02-25,Запад,Монитор,1013.4,3,37.0,2.8,False,3040.2,912.06,2,1,Wednesday,36-50,Medium
2026-02-26,Восток,Монитор,1103.19,10,29.0,4.9,False,11031.900000000001,3309.57,2,1,Thursday,26-35,Medium
2026-02-27,Восток,Ноутбук,687.49,5,52.0,4.4,False,3437.45,1031.235,2,1,Friday,50+,Low
2026-02-28,Запад,Телефон,894.19,4,34.0,3.8,False,3576.76,1073.028,2,1,Saturday,26-35,Medium
2026-03-01,Юг,Ноутбук,1158.85,4,45.0,2.2,True,4635.4,1390.62,3,1,Sunday,36-50,Medium
2026-03-02,Восток,Телефон,749.14,7,58.0,1.7,False,5243.98,1573.1939999999997,3,1,Monday,50+,Low
2026-03-03,Север,Планшет,1058.71,3,27.0,4.7,False,3176.13,952.8389999999999,3,1,Tuesday,26-35,Medium
2026-03-04,Восток,Планшет,728.68,6,39.0,2.7,False,4372.08,1311.624,3,1,Wednesday,36-50,Low
2026-03-05,Север,Монитор,1093.29,2,55.0,2.1,True,2186.58,655.9739999999999,3,1,Thursday,50+,Medium
2026-03-06,Запад,Телефон,992.87,4,50.0,2.9,True,3971.48,1191.444,3,1,Friday,36-50,Medium
2026-03-07,Север,Планшет,676.97,4,39.0,4.7,False,2707.88,812.364,3,1,Saturday,36-50,Low
2026-03-08,Запад,Телефон,1232.95,4,61.0,2.5,True,4931.8,1479.54,3,1,Sunday,50+,High
2026-03-09,Север,Планшет,853.08,8,54.0,3.3,False,6824.64,2047.392,3,1,Monday,50+,Medium
2026-03-10,Запад,Ноутбук,837.95,5,30.0,4.2,False,4189.75,1256.925,3,1,Tuesday,26-35,Medium
2026-03-11,Север,Планшет,1040.11,8,44.0,2.7,False,8320.88,2496.2639999999997,3,1,Wednesday,36-50,Medium
2026-03-12,Юг,Ноутбук,1229.73,5,32.0,1.9,True,6148.65,1844.5949999999998,3,1,Thursday,26-35,High
2026-03-13,Север,Планшет,796.84,7,39.0,5.0,False,5577.88,1673.364,3,1,Friday,36-50,Low
2026-03-14,Север,Монитор,1012.34,8,47.0,4.8,False,8098.72,2429.616,3,1,Saturday,36-50,Medium
2026-03-15,Юг,Ноутбук,1085.76,3,60.0,4.4,False,3257.2799999999997,977.1839999999999,3,1,Sunday,50+,Medium
2026-03-16,Восток,Планшет,1138.62,4,57.0,3.8,False,4554.48,1366.3439999999998,3,1,Monday,50+,Medium
2026-03-17,Восток,Монитор,1035.29,6,54.0,2.2,False,6211.74,1863.522,3,1,Tuesday,50+,Medium
2026-03-18,Север,Ноутбук,926.59,4,51.0,4.7,False,3706.36,1111.908,3,1,Wednesday,50+,Medium
2026-03-19,Юг,Монитор,834.48,4,61.0,2.1,False,3337.92,1001.376,3,1,Thursday,50+,Medium
2026-03-20,Север,Телефон,1017.23,6,51.0,4.2,False,6103.38,1831.014,3,1,Friday,50+,Medium
2026-03-21,Запад,Телефон,785.57,2,65.0,4.7,False,1571.14,471.342,3,1,Saturday,50+,Low
2026-03-22,Запад,Ноутбук,415.73,4,52.0,3.4,False,1662.92,498.876,3,1,Sunday,50+,Low
2026-03-23,Север,Планшет,1087.31,2,59.0,4.2,False,2174.62,652.386,3,1,Monday,50+,Medium
2026-03-24,Восток,Ноутбук,1180.79,8,36.0,4.2,True,9446.32,2833.8959999999997,3,1,Tuesday,36-50,Medium
2026-03-25,Восток,Монитор,527.41,7,25.0,1.8,False,3691.87,1107.561,3,1,Wednesday,18-25,Low
2026-03-26,Север,Планшет,798.05,2,56.0,3.7,False,1596.1,478.8299999999999,3,1,Thursday,50+,Low
2026-03-27,Север,Телефон,1123.83,5,50.0,1.4,True,5619.15,1685.745,3,1,Friday,36-50,Medium
2026-03-28,Запад,Планшет,1411.5,6,61.0,3.0,False,8469.0,2540.7,3,1,Saturday,50+,High
2026-03-29,Восток,Телефон,1004.16,7,45.0,1.6,True,7029.12,2108.736,3,1,Sunday,36-50,Medium
2026-03-30,Север,Планшет,854.4,7,54.0,2.7,False,5980.8,1794.24,3,1,Monday,50+,Medium
2026-03-31,Запад,Планшет,963.42,7,65.0,4.3,False,6743.94,2023.1819999999998,3,1,Tuesday,50+,Medium
2026-04-01,Восток,Планшет,1274.98,6,42.0,4.9,False,7649.88,2294.964,4,2,Wednesday,36-50,High
2026-04-02,Юг,Монитор,870.81,5,53.0,2.3,False,4354.049999999999,1306.2149999999997,4,2,Thursday,50+,Medium
2026-04-03,Запад,Монитор,840.16,5,34.0,3.1,False,4200.8,1260.24,4,2,Friday,26-35,Medium
2026-04-04,Восток,Ноутбук,903.45,8,41.0,3.0,False,7227.6,2168.28,4,2,Saturday,36-50,Medium
2026-04-05,Восток,Ноутбук,809.33,7,38.0,4.8,False,5665.31,1699.593,4,2,Sunday,36-50,Medium
2026-04-06,Запад,Телефон,1024.53,4,19.0,2.9,False,4098.12,1229.436,4,2,Monday,18-25,Medium
2026-04-07,Юг,Монитор,1324.94,5,48.0,3.8,False,6624.700000000001,1987.41,4,2,Tuesday,36-50,High
2026-04-08,Запад,Телефон,1064.62,8,61.0,4.7,False,8516.96,2555.0879999999997,4,2,Wednesday,50+,Medium
2026-04-09,Восток,Ноутбук,949.53,5,50.0,2.5,True,4747.65,1424.2949999999998,4,2,Thursday,36-50,Medium
2026-04-10,Север,Телефон,941.64,2,47.0,4.6,False,1883.28,564.9839999999999,4,2,Friday,36-50,Medium
2026-04-11,Север,Ноутбук,687.36,3,29.0,4.7,True,2062.08,618.6239999999999,4,2,Saturday,26-35,Low
2026-04-12,Запад,Монитор,1176.62,7,61.0,4.7,False,8236.34,2470.902,4,2,Sunday,50+,Medium
2026-04-13,Восток,Планшет,984.43,3,29.0,2.1,False,2953.29,885.987,4,2,Monday,26-35,Medium
2026-04-14,Север,Монитор,963.9,8,68.0,2.6,False,7711.2,2313.3599999999997,4,2,Tuesday,50+,Medium
2026-04-15,Восток,Телефон,1638.62,1,66.0,4.5,False,1638.62,491.58599999999996,4,2,Wednesday,50+,High
2026-04-16,Запад,Телефон,1059.75,5,69.0,2.4,False,5298.75,1589.625,4,2,Thursday,50+,Medium
2026-04-17,Север,Монитор,849.64,3,41.0,3.4,False,2548.92,764.676,4,2,Friday,36-50,Medium
2026-04-18,Восток,Монитор,914.73,5,41.0,1.5,False,4573.65,1372.0949999999998,4,2,Saturday,36-50,Medium
2026-04-19,Север,Ноутбук,1229.69,5,28.0,1.2,False,6148.450000000001,1844.535,4,2,Sunday,26-35,High
2026-04-20,Запад,Телефон,1022.65,2,30.0,2.6,True,2045.3,613.5899999999999,4,2,Monday,26-35,Medium
2026-04-21,Восток,Телефон,712.34,7,44.0,3.3,True,4986.38,1495.914,4,2,Tuesday,36-50,Low
2026-04-22,Север,Монитор,1183.85,2,25.0,2.6,False,2367.7,710.31,4,2,Wednesday,18-25,Medium
2026-04-23,Запад,Планшет,866.37,4,27.0,3.3,False,3465.48,1039.644,4,2,Thursday,26-35,Medium
2026-04-24,Север,Телефон,1374.66,5,25.0,3.1,True,6873.3,2061.99,4,2,Friday,18-25,High
2026-04-25,Север,Планшет,1216.01,4,37.0,3.7,False,4864.04,1459.212,4,2,Saturday,36-50,High
2026-04-26,Юг,Монитор,910.54,4,25.0,3.6,True,3642.16,1092.648,4,2,Sunday,18-25,Medium
2026-04-27,Юг,Монитор,1256.2,5,26.0,2.7,True,6281.0,1884.3,4,2,Monday,26-35,High
2026-04-28,Запад,Ноутбук,1013.57,4,24.0,2.7,False,4054.28,1216.284,4,2,Tuesday,18-25,Medium
2026-04-29,Юг,Телефон,1170.55,4,31.0,1.6,False,4682.2,1404.6599999999999,4,2,Wednesday,26-35,Medium
2026-04-30,Запад,Планшет,1096.95,5,45.0,3.1,False,5484.75,1645.425,4,2,Thursday,36-50,Medium
2026-05-01,Юг,Ноутбук,830.73,7,19.0,3.3,False,5815.110000000001,1744.5330000000001,5,2,Friday,18-25,Medium
2026-05-02,Север,Телефон,871.29,6,60.0,2.9,False,5227.74,1568.322,5,2,Saturday,50+,Medium
2026-05-03,Запад,Ноутбук,1205.99,6,25.0,2.3,False,7235.9400000000005,2170.782,5,2,Sunday,18-25,High
2026-05-04,Запад,Монитор,933.04,8,30.0,3.9,True,7464.32,2239.296,5,2,Monday,26-35,Medium
2026-05-05,Север,Телефон,919.27,5,38.0,1.3,False,4596.35,1378.905,5,2,Tuesday,36-50,Medium
2026-05-06,Запад,Ноутбук,808.98,2,64.0,4.7,True,1617.96,485.388,5,2,Wednesday,50+,Medium
2026-05-07,Запад,Ноутбук,1084.72,4,45.0,1.1,False,4338.88,1301.664,5,2,Thursday,36-50,Medium
2026-05-08,Юг,Планшет,1412.5,6,52.0,4.8,True,8475.0,2542.5,5,2,Friday,50+,High
2026-05-09,Запад,Ноутбук,786.49,3,40.0,2.8,False,2359.4700000000003,707.841,5,2,Saturday,36-50,Low
2026-05-10,Восток,Телефон,1004.84,3,63.0,2.7,True,3014.52,904.356,5,2,Sunday,50+,Medium
2026-05-11,Север,Телефон,1282.44,5,32.0,2.0,False,6412.200000000001,1923.66,5,2,Monday,26-35,High
2026-05-12,Юг,Планшет,984.07,5,19.0,1.0,False,4920.35,1476.105,5,2,Tuesday,18-25,Medium
2026-05-13,Юг,Телефон,1090.47,6,68.0,2.1,False,6542.82,1962.8459999999998,5,2,Wednesday,50+,Medium
2026-05-14,Восток,Монитор,787.52,2,29.0,1.4,True,1575.04,472.51199999999994,5,2,Thursday,26-35,Low
2026-05-15,Север,Телефон,1085.66,6,69.0,3.6,True,6513.960000000001,1954.188,5,2,Friday,50+,Medium
2026-05-16,Север,Телефон,962.57,4,53.0,2.3,True,3850.28,1155.084,5,2,Saturday,50+,Medium
2026-05-17,Юг,Ноутбук,1197.15,3,20.0,4.1,False,3591.4500000000003,1077.435,5,2,Sunday,18-25,Medium
2026-05-18,Запад,Ноутбук,1237.48,4,22.0,1.8,False,4949.92,1484.9759999999999,5,2,Monday,18-25,High
2026-05-19,Юг,Телефон,1517.91,2,20.0,4.6,True,3035.82,910.746,5,2,Tuesday,18-25,High
2026-05-20,Север,Планшет,1115.93,6,64.0,3.1,True,6695.58,2008.674,5,2,Wednesday,50+,Medium
2026-05-21,Восток,Ноутбук,1065.16,8,36.0,1.5,False,8521.28,2556.384,5,2,Thursday,36-50,Medium
2026-05-22,Юг,Планшет,1038.88,5,19.0,2.6,True,5194.400000000001,1558.3200000000002,5,2,Friday,18-25,Medium
2026-05-23,Север,Телефон,929.37,6,61.0,1.8,True,5576.22,1672.866,5,2,Saturday,50+,Medium
2026-05-24,Юг,Телефон,1067.7,5,54.0,1.8,True,5338.5,1601.55,5,2,Sunday,50+,Medium
2026-05-25,Запад,Монитор,940.92,5,34.0,3.0,True,4704.599999999999,1411.3799999999999,5,2,Monday,26-35,Medium
2026-05-26,Юг,Ноутбук,1033.69,6,31.0,3.7,True,6202.14,1860.642,5,2,Tuesday,26-35,Medium
2026-05-27,Юг,Телефон,1263.52,4,45.0,4.6,True,5054.08,1516.224,5,2,Wednesday,36-50,High
2026-05-28,Север,Монитор,798.69,4,44.0,3.0,False,3194.76,958.428,5,2,Thursday,36-50,Low
2026-05-29,Север,Ноутбук,1227.98,5,27.0,4.9,False,6139.9,1841.9699999999998,5,2,Friday,26-35,High
2026-05-30,Север,Телефон,1263.42,5,20.0,4.8,False,6317.1,1895.13,5,2,Saturday,18-25,High
2026-05-31,Юг,Телефон,976.39,4,53.0,4.5,False,3905.56,1171.668,5,2,Sunday,50+,Medium
2026-06-01,Запад,Ноутбук,575.63,4,55.0,3.0,True,2302.52,690.756,6,2,Monday,50+,Low
2026-06-02,Восток,Ноутбук,878.44,7,42.0,1.6,False,6149.08,1844.724,6,2,Tuesday,36-50,Medium
2026-06-03,Восток,Ноутбук,1259.4,5,39.0,1.9,False,6297.0,1889.1,6,2,Wednesday,36-50,High
2026-06-04,Север,Телефон,995.43,4,65.0,3.6,False,3981.72,1194.5159999999998,6,2,Thursday,50+,Medium
2026-06-05,Север,Телефон,800.14,3,56.0,2.7,True,2400.42,720.126,6,2,Friday,50+,Medium
2026-06-06,Юг,Монитор,899.05,9,64.0,1.6,False,8091.45,2427.435,6,2,Saturday,50+,Medium
2026-06-07,Восток,Планшет,1168.12,6,47.0,2.9,True,7008.719999999999,2102.6159999999995,6,2,Sunday,36-50,Medium
2026-06-08,Север,Ноутбук,1109.35,6,38.0,1.1,False,6656.099999999999,1996.8299999999997,6,2,Monday,36-50,Medium
2026-06-09,Запад,Телефон,952.21,4,47.0,3.9,False,3808.84,1142.652,6,2,Tuesday,36-50,Medium
2026-06-10,Запад,Телефон,926.64,7,45.0,1.3,False,6486.48,1945.9439999999997,6,2,Wednesday,36-50,Medium
2026-06-11,Север,Ноутбук,921.65,6,48.0,3.5,False,5529.9,1658.9699999999998,6,2,Thursday,36-50,Medium
2026-06-12,Север,Планшет,815.52,6,69.0,4.2,False,4893.12,1467.936,6,2,Friday,50+,Medium
2026-06-13,Восток,Ноутбук,1323.08,2,43.0,1.5,False,2646.16,793.848,6,2,Saturday,36-50,High
2026-06-14,Восток,Планшет,935.54,6,60.0,3.1,True,5613.24,1683.972,6,2,Sunday,50+,Medium
2026-06-15,Юг,Телефон,1243.43,4,39.0,4.1,False,4973.72,1492.116,6,2,Monday,36-50,High
2026-06-16,Восток,Планшет,1304.26,7,38.0,2.0,True,9129.82,2738.946,6,2,Tuesday,36-50,High
2026-06-17,Запад,Монитор,1199.66,8,18.0,1.7,False,9597.28,2879.184,6,2,Wednesday,18-25,Medium
2026-06-18,Запад,Телефон,913.68,6,54.0,2.3,True,5482.08,1644.624,6,2,Thursday,50+,Medium
2026-06-19,Север,Монитор,1080.75,3,30.0,3.2,False,3242.25,972.675,6,2,Friday,26-35,Medium
2026-06-20,Восток,Ноутбук,995.16,4,38.0,3.3,False,3980.64,1194.192,6,2,Saturday,36-50,Medium
2026-06-21,Юг,Ноутбук,819.26,5,63.0,1.5,False,4096.3,1228.89,6,2,Sunday,50+,Medium
2026-06-22,Запад,Ноутбук,1064.87,3,26.0,2.8,False,3194.6099999999997,958.3829999999998,6,2,Monday,26-35,Medium
2026-06-23,Запад,Планшет,764.19,5,34.0,2.1,True,3820.9500000000003,1146.285,6,2,Tuesday,26-35,Low
2026-06-24,Юг,Телефон,1237.54,8,64.0,4.4,False,9900.32,2970.096,6,2,Wednesday,50+,High
2026-06-25,Юг,Ноутбук,907.08,8,38.0,2.3,True,7256.64,2176.992,6,2,Thursday,36-50,Medium
2026-06-26,Запад,Ноутбук,1040.23,5,48.0,4.4,False,5201.15,1560.3449999999998,6,2,Friday,36-50,Medium
2026-06-27,Запад,Телефон,1056.66,5,56.0,2.7,False,5283.3,1584.99,6,2,Saturday,50+,Medium
2026-06-28,Юг,Ноутбук,948.22,8,39.0,3.9,False,7585.76,2275.728,6,2,Sunday,36-50,Medium
2026-06-29,Запад,Монитор,1117.34,5,29.0,3.0,False,5586.7,1676.01,6,2,Monday,26-35,Medium
2026-06-30,Север,Телефон,905.02,4,23.0,3.5,True,3620.08,1086.024,6,2,Tuesday,18-25,Medium
2026-07-01,Север,Телефон,1174.26,3,33.0,2.6,False,3522.7799999999997,1056.8339999999998,7,3,Wednesday,26-35,Medium
2026-07-02,Юг,Телефон,730.8,7,43.0,4.1,False,5115.599999999999,1534.6799999999998,7,3,Thursday,36-50,Low
2026-07-03,Восток,Монитор,1025.28,4,22.0,2.7,False,4101.12,1230.336,7,3,Friday,18-25,Medium
2026-07-04,Юг,Телефон,1387.79,4,26.0,2.8,True,5551.16,1665.348,7,3,Saturday,26-35,High
2026-07-05,Юг,Монитор,799.93,5,63.0,3.1,False,3999.6499999999996,1199.8949999999998,7,3,Sunday,50+,Low
2026-07-06,Восток,Телефон,864.45,3,57.0,4.3,True,2593.3500000000004,778.0050000000001,7,3,Monday,50+,Medium
2026-07-07,Восток,Планшет,1102.78,5,31.0,3.6,False,5513.9,1654.1699999999998,7,3,Tuesday,26-35,Medium
2026-07-08,Восток,Ноутбук,1035.92,4,61.0,2.4,True,4143.68,1243.104,7,3,Wednesday,50+,Medium
2026-07-09,Север,Планшет,1070.13,6,59.0,3.7,False,6420.780000000001,1926.2340000000002,7,3,Thursday,50+,Medium
2026-07-10,Запад,Ноутбук,1097.84,5,47.0,3.6,True,5489.2,1646.76,7,3,Friday,36-50,Medium
2026-07-11,Север,Монитор,1126.94,5,69.0,4.7,False,5634.700000000001,1690.41,7,3,Saturday,50+,Medium
2026-07-12,Запад,Планшет,1221.94,2,69.0,4.4,True,2443.88,733.164,7,3,Sunday,50+,High
2026-07-13,Север,Телефон,1081.96,5,43.0,3.6,False,5409.8,1622.94,7,3,Monday,36-50,Medium
2026-07-14,Запад,Ноутбук,951.75,3,62.0,2.4,False,2855.25,856.5749999999999,7,3,Tuesday,50+,Medium
2026-07-15,Север,Ноутбук,1134.51,3,46.0,4.1,False,3403.5299999999997,1021.0589999999999,7,3,Wednesday,36-50,Medium
2026-07-16,Восток,Планшет,1379.98,5,36.0,3.3,True,6899.9,2069.97,7,3,Thursday,36-50,High
2026-07-17,Юг,Монитор,973.47,4,64.0,4.9,False,3893.88,1168.164,7,3,Friday,50+,Medium
2026-07-18,Север,Планшет,805.09,3,25.0,2.0,True,2415.27,724.581,7,3,Saturday,18-25,Medium
2026-07-19,Запад,Монитор,1221.42,4,40.0,1.3,True,4885.68,1465.704,7,3,Sunday,36-50,High
2026-07-20,Восток,Монитор,975.92,2,59.0,1.3,False,1951.84,585.5519999999999,7,3,Monday,50+,Medium
2026-07-21,Север,Ноутбук,565.47,6,52.0,3.6,True,3392.82,1017.846,7,3,Tuesday,50+,Low
2026-07-22,Север,Планшет,1169.48,7,48.0,4.8,True,8186.360000000001,2455.908,7,3,Wednesday,36-50,Medium
2026-07-23,Восток,Планшет,892.93,3,52.0,1.0,False,2678.79,803.637,7,3,Thursday,50+,Medium
2026-07-24,Север,Монитор,981.89,5,49.0,3.9,False,4909.45,1472.8349999999998,7,3,Friday,36-50,Medium
2026-07-25,Юг,Планшет,1066.4,4,22.0,3.6,False,4265.6,1279.68,7,3,Saturday,18-25,Medium
2026-07-26,Север,Телефон,1038.1,6,33.0,3.9,True,6228.599999999999,1868.5799999999997,7,3,Sunday,26-35,Medium
2026-07-27,Юг,Телефон,1141.89,6,34.0,2.4,True,6851.34,2055.402,7,3,Monday,26-35,Medium
2026-07-28,Юг,Планшет,912.9,2,49.0,4.3,False,1825.8,547.74,7,3,Tuesday,36-50,Medium
2026-07-29,Восток,Планшет,1102.62,2,55.0,1.2,True,2205.24,661.5719999999999,7,3,Wednesday,50+,Medium
2026-07-30,Север,Монитор,948.09,5,49.0,4.0,False,4740.45,1422.135,7,3,Thursday,36-50,Medium
2026-07-31,Восток,Телефон,1147.76,2,69.0,2.1,True,2295.52,688.656,7,3,Friday,50+,Medium
2026-08-01,Север,Телефон,1123.07,7,37.0,2.9,False,7861.49,2358.4469999999997,8,3,Saturday,36-50,Medium
2026-08-02,Север,Ноутбук,812.91,4,65.0,4.3,False,3251.64,975.492,8,3,Sunday,50+,Medium
2026-08-03,Запад,Монитор,1217.2,5,19.0,2.1,False,6086.0,1825.8,8,3,Monday,18-25,High
2026-08-04,Север,Ноутбук,892.81,7,37.0,1.7,True,6249.67,1874.9009999999998,8,3,Tuesday,36-50,Medium
2026-08-05,Восток,Телефон,1161.61,5,64.0,3.7,False,5808.049999999999,1742.4149999999997,8,3,Wednesday,50+,Medium
2026-08-06,Юг,Монитор,1073.46,7,35.0,3.1,True,7514.22,2254.266,8,3,Thursday,26-35,Medium
2026-08-07,Север,Планшет,1367.64,1,18.0,3.1,False,1367.64,410.29200000000003,8,3,Friday,18-25,High
2026-08-08,Запад,Монитор,955.31,3,46.0,2.0,False,2865.93,859.7789999999999,8,3,Saturday,36-50,Medium
2026-08-09,Восток,Планшет,930.14,4,46.0,1.1,True,3720.56,1116.168,8,3,Sunday,36-50,Medium
2026-08-10,Север,Планшет,996.12,9,36.0,2.6,False,8965.08,2689.524,8,3,Monday,36-50,Medium
2026-08-11,Восток,Монитор,939.36,4,61.0,1.4,False,3757.44,1127.232,8,3,Tuesday,50+,Medium
2026-08-12,Запад,Планшет,1159.99,5,57.0,4.6,False,5799.95,1739.985,8,3,Wednesday,50+,Medium
2026-08-13,Запад,Ноутбук,676.74,6,23.0,1.2,False,4060.44,1218.132,8,3,Thursday,18-25,Low
2026-08-14,Восток,Телефон,789.26,6,61.0,2.7,False,4735.5599999999995,1420.668,8,3,Friday,50+,Low
2026-08-15,Север,Планшет,786.44,3,56.0,1.2,False,2359.32,707.796,8,3,Saturday,50+,Low
2026-08-16,Юг,Ноутбук,1190.06,3,67.0,1.4,False,3570.18,1071.0539999999999,8,3,Sunday,50+,Medium
2026-08-17,Запад,Планшет,1342.12,5,63.0,3.6,False,6710.599999999999,2013.1799999999998,8,3,Monday,50+,High
2026-08-18,Север,Телефон,979.11,7,25.0,3.6,True,6853.77,2056.131,8,3,Tuesday,18-25,Medium
2026-08-19,Север,Ноутбук,966.24,6,41.0,1.1,False,5797.4400000000005,1739.2320000000002,8,3,Wednesday,36-50,Medium
2026-08-20,Юг,Телефон,1014.01,6,37.0,1.0,False,6084.0599999999995,1825.2179999999998,8,3,Thursday,36-50,Medium
2026-08-21,Запад,Телефон,1232.38,4,31.0,1.3,False,4929.52,1478.856,8,3,Friday,26-35,High
2026-08-22,Запад,Ноутбук,814.53,7,22.0,4.1,False,5701.71,1710.513,8,3,Saturday,18-25,Medium
2026-08-23,Север,Ноутбук,1047.67,4,58.0,3.3,False,4190.68,1257.204,8,3,Sunday,50+,Medium
2026-08-24,Север,Ноутбук,1195.04,8,57.0,1.2,False,9560.32,2868.096,8,3,Monday,50+,Medium
2026-08-25,Юг,Монитор,1100.22,5,51.0,3.0,False,5501.1,1650.3300000000002,8,3,Tuesday,50+,Medium
2026-08-26,Юг,Ноутбук,1037.92,5,33.0,3.8,True,5189.6,1556.88,8,3,Wednesday,26-35,Medium
2026-08-27,Запад,Ноутбук,1200.21,4,62.0,4.5,False,4800.84,1440.252,8,3,Thursday,50+,High
2026-08-28,Восток,Ноутбук,459.35,5,24.0,4.7,True,2296.75,689.025,8,3,Friday,18-25,Low
2026-08-29,Запад,Ноутбук,1135.58,2,33.0,2.3,True,2271.16,681.348,8,3,Saturday,26-35,Medium
2026-08-30,Север,Планшет,869.18,3,24.0,1.5,False,2607.54,782.262,8,3,Sunday,18-25,Medium
2026-08-31,Запад,Монитор,633.87,7,44.0,1.9,False,4437.09,1331.127,8,3,Monday,36-50,Low
2026-09-01,Восток,Телефон,1102.24,5,31.0,4.1,False,5511.2,1653.36,9,3,Tuesday,26-35,Medium
2026-09-02,Юг,Ноутбук,1274.73,6,31.0,4.9,False,7648.38,2294.514,9,3,Wednesday,26-35,High
2026-09-03,Восток,Планшет,972.51,7,61.0,2.9,False,6807.57,2042.2709999999997,9,3,Thursday,50+,Medium
2026-09-04,Восток,Планшет,1190.57,2,50.0,2.2,False,2381.14,714.342,9,3,Friday,36-50,Medium
2026-09-05,Восток,Планшет,1322.46,7,50.0,2.7,False,9257.220000000001,2777.166,9,3,Saturday,36-50,High
2026-09-06,Юг,Телефон,1262.98,5,61.0,2.2,True,6314.9,1894.4699999999998,9,3,Sunday,50+,High
2026-09-07,Восток,Ноутбук,1327.99,5,37.0,2.0,True,6639.95,1991.985,9,3,Monday,36-50,High
2026-09-08,Восток,Монитор,1148.43,7,64.0,3.4,False,8039.01,2411.703,9,3,Tuesday,50+,Medium
2026-09-09,Восток,Монитор,1015.09,6,53.0,1.1,False,6090.54,1827.162,9,3,Wednesday,50+,Medium
2026-09-10,Север,Планшет,679.61,5,24.0,2.0,False,3398.05,1019.415,9,3,Thursday,18-25,Low
2026-09-11,Восток,Телефон,950.79,0,49.0,3.6,False,0.0,0.0,9,3,Friday,36-50,Medium
2026-09-12,Юг,Телефон,831.35,7,65.0,1.1,False,5819.45,1745.8349999999998,9,3,Saturday,50+,Medium
2026-09-13,Восток,Телефон,1434.19,5,20.0,1.3,True,7170.950000000001,2151.2850000000003,9,3,Sunday,18-25,High
2026-09-14,Восток,Монитор,964.82,5,56.0,2.2,True,4824.1,1447.23,9,3,Monday,50+,Medium
2026-09-15,Юг,Планшет,1024.64,6,46.0,4.5,False,6147.84,1844.3519999999999,9,3,Tuesday,36-50,Medium
2026-09-16,Восток,Ноутбук,1110.3,8,41.0,4.1,False,8882.4,2664.72,9,3,Wednesday,36-50,Medium
2026-09-17,Юг,Монитор,1008.72,4,39.0,1.1,True,4034.88,1210.464,9,3,Thursday,36-50,Medium
2026-09-18,Восток,Планшет,1339.01,6,23.0,3.0,False,8034.0599999999995,2410.218,9,3,Friday,18-25,High
2026-09-19,Юг,Планшет,875.47,4,65.0,2.1,False,3501.88,1050.564,9,3,Saturday,50+,Medium
2026-09-20,Восток,Ноутбук,1038.92,1,41.0,3.6,False,1038.92,311.676,9,3,Sunday,36-50,Medium
2026-09-21,Восток,Ноутбук,851.51,3,57.0,3.9,True,2554.5299999999997,766.3589999999999,9,3,Monday,50+,Medium
2026-09-22,Север,Ноутбук,736.0,4,40.0,4.5,False,2944.0,883.1999999999999,9,3,Tuesday,36-50,Low
2026-09-23,Север,Телефон,877.65,5,55.0,2.9,True,4388.25,1316.475,9,3,Wednesday,50+,Medium
2026-09-24,Восток,Ноутбук,992.59,4,27.0,5.0,False,3970.36,1191.108,9,3,Thursday,26-35,Medium
2026-09-25,Восток,Планшет,914.14,5,33.0,4.9,False,4570.7,1371.2099999999998,9,3,Friday,26-35,Medium
2026-09-26,Запад,Ноутбук,861.52,2,28.0,4.5,False,1723.04,516.9119999999999,9,3,Saturday,26-35,Medium
